speed,fz,A_damage,damage_level
2500.0,0.01,3.5834,low
2500.0,0.05,65.7846,medium
2500.0,0.1,115.64538,high
5000.0,0.01,3.36352,low
5000.0,0.05,59.79448,medium
5000.0,0.1,101.71934,high
10000.0,0.01,2.8,low
10000.0,0.05,51.24078,medium
10000.0,0.1,109.14466,high
7295.700988434128,0.012250967970040025,6.051680981376289,low
8023.534106230093,0.07090295386806203,77.79310957846525,high
9191.346757786341,0.017824494936647457,12.53739832149253,low
4139.784811027025,0.055481975929302624,66.98366922106126,medium
2699.019772628977,0.027895388561798365,30.497443882616633,low
4153.304665305225,0.06303391154883178,71.2168400871267,medium
8570.7284250837,0.010584888371025492,3.8091486173746105,low
5051.878873884939,0.023993154983060344,22.063857793020098,low
9679.09804155086,0.040293509060136415,40.36147911876387,low
8856.20774760595,0.0643353428230202,69.26288796132003,medium
8553.462049557851,0.07567586080244361,74.70370253620138,medium
5339.007829062652,0.05968365681459044,66.31431473585356,medium
8720.534981897461,0.06566677771278215,72.07862806785313,medium
7784.288771611926,0.0141241945290096,8.156437924246417,low
4209.237067386602,0.03604491672418965,42.15720078923812,low
3257.5107205729682,0.035017624279908295,41.7601914957426,low
7267.633331983001,0.04283489610730759,45.80093775755211,medium
4502.33366536835,0.09429891289412447,101.02202890544889,high
7360.265389349452,0.06482179051002894,72.04420209676353,medium
3725.518703214463,0.044150989758188305,56.476922883681105,medium
9921.425129774463,0.06759997838686836,68.60949209714494,medium
8821.389401423572,0.07983999203916203,84.20035841568028,high
4217.860539730783,0.012889021951363398,7.566134090778235,low
4082.3713268974484,0.0948618742901549,104.4424343208759,high
9072.757198545016,0.038321009271863014,37.60624878815327,low
9359.106923054076,0.0512966667328659,52.443890971474524,medium
4486.601248735394,0.032196475692458516,34.61254799673995,low
6884.394926676554,0.09080405952422294,94.85634182806548,high
5495.50378855298,0.029738868324155503,31.86550899533504,low
3181.8205913034544,0.014240473788226113,9.945152135872647,low
3322.3684776299438,0.0664701437532781,80.03030497811882,high
2976.4577961396785,0.044345735785588314,54.30732017405642,medium
9970.910351800725,0.057620291058922336,63.622779903622195,medium
2586.1076645711473,0.07486496374241752,89.26655177210631,high
7612.827767699311,0.05832732973679157,63.40912287899073,medium
3336.6413019690735,0.04912887256021946,65.13472731603228,medium
5902.9277974690485,0.09584343347689722,100.99156359412247,high
6254.395847877237,0.026078669247711822,24.685652512290797,low
9344.708795086153,0.08834667128530903,93.94278466647674,high
7067.276585786292,0.023755534169467137,22.27469891447537,low
8218.831000563634,0.05854411271076632,63.62701726899099,medium
2504.289220959576,0.03917404513042058,47.16627296664965,medium
2646.075567893742,0.09361887546381555,112.97394560011654,high
4806.355940519961,0.015213264984476881,10.371536657277979,low
9085.071994030304,0.09522545007681947,105.58306381179172,high
3019.093888512877,0.07845419487315085,93.60980736286234,high
8243.758219802408,0.021555231804978654,17.135687183422213,low
4487.924717050443,0.08851897369767317,95.12619644150831,high
5673.534551506652,0.02906183848978739,28.270224471737762,low
4008.632975422719,0.03805446621708055,44.10452611669086,medium
9963.62017495671,0.06848902518755082,70.23598638711461,medium
3407.531469011993,0.030222760332840166,34.357097881488556,low
5035.641716105914,0.062947784661151,70.80589899102408,medium
3032.448145067744,0.06679926615430891,82.38757886449504,high
4217.063378583658,0.09148780117055152,99.24034462757122,high
4285.034757767464,0.07020800004666526,78.66447575939648,high
4106.776055278289,0.02190806638525225,21.60355158679726,low
6045.032697338456,0.0806157481861678,84.40396870806961,high
8556.227483249826,0.027136892292568993,25.349872824754737,low
5676.839672649406,0.052032220123300756,61.5299416699179,medium
7968.0688709488795,0.07060280925639714,76.93216599751523,high
5519.659615767016,0.040537234485546685,45.69004925540289,medium
8962.544022645932,0.03237907005282571,31.317646273280054,low
5664.112298758031,0.035069063020024646,39.147204123908026,low
4373.548359115754,0.09309390393484115,93.60446791488673,high
6627.439843373861,0.014552949657239312,9.50139745299738,low
9994.61851309545,0.08524248265719568,98.23985367872062,high
8865.218008107291,0.02496799995435226,21.444740701302923,low
6142.308440880388,0.02923725692792635,29.246238613088835,low
5342.298392326871,0.09867779594017534,101.70417967681944,high
4489.02293629114,0.08056635417537125,84.99229317104297,high
9679.88230644755,0.09958804205434425,109.15019069292022,high
6668.262425542137,0.07465674477666934,81.38168151446881,high
9765.32023726869,0.06212622617346307,66.86596134421468,medium
6566.464010307057,0.07731780043411578,85.8347502696517,high
6271.377871896351,0.08674479028434569,92.69289123026472,high
3680.7454595461245,0.09647010129470054,107.59568326032674,high
6962.763298375207,0.07076912982436812,77.16654187274887,high
4264.029212506984,0.02078979525524118,19.441018178755265,low
6958.893651500809,0.06574433592988928,70.58874639109517,medium
5644.186865019044,0.06253050603621023,64.87913582299655,medium
4031.943995676523,0.07445726207104733,83.283356087186,high
4290.144644618846,0.04562072621121291,54.477779258658906,medium
4871.328972038906,0.0776678043172962,81.6628150348974,high
3044.07335869868,0.051245697035672756,72.24215319615475,medium
3049.4554082472478,0.02918388810403364,32.726589121962505,low
4489.00311062801,0.09399334401943382,103.8241033851171,high
5271.4531655416295,0.024197214912150877,22.233647261694102,low
8753.087159798553,0.07331859325786338,73.20700801723663,medium
7404.8223828304945,0.010704079643694216,3.6368664356646168,low
8628.281013365962,0.036944087697998014,35.69984404732402,low
3507.183357950258,0.0203885803377192,17.889713923089957,low
3302.7698328206325,0.05979012767963344,72.70664943125244,medium
7882.091403540984,0.028323758109470763,27.863519169347974,low
7256.784691638098,0.03375855114673685,32.24446777684285,low
8845.777849711416,0.01830686209414601,13.435621237903897,low
5676.818294227947,0.03490122015750265,39.6879599391167,low
7278.350329760347,0.03357597361909134,34.26044978247625,low
8059.2318126094815,0.05965123790137522,64.29807984968318,medium
3064.328950553253,0.08947957539701287,102.57555385105594,high
9279.4642866992,0.059103126028497016,63.85436063472516,medium
3610.70339175612,0.02147009673539249,19.88324278524001,low
4811.937624476002,0.09090833398683311,96.65264979842976,high
9241.93477394856,0.028906888450577865,24.850277878547104,low
4371.473044171933,0.019251425950460706,17.002896347394078,low
5547.830423740876,0.06585953591356415,68.26273656129065,medium
3659.150037491535,0.09368929141243071,108.95095708075694,high
8580.787899552975,0.0893274584196992,89.74743319753868,high
2685.8977142364156,0.0762908024579574,88.12266096792578,high
8516.763542028542,0.08776576255377515,99.59751784671533,high
8580.619874307919,0.034012513863502486,33.51275647060647,low
9041.250871795673,0.08727339262040035,92.45380518324602,high
4168.252881592483,0.08349279450372361,89.36613242925503,high
8465.091243646464,0.030483593866699334,29.218582273468556,low
2677.4832602608863,0.02738168094949378,29.55756717444166,low
9751.668280362708,0.03512124934496843,35.27034251777381,low
7311.113039557208,0.04597105459240548,52.39477207425654,medium
9544.278552435368,0.020380757666628484,15.543055620487584,low
9778.00458266671,0.02607110345552173,22.943969366458056,low
3313.0191041103335,0.049110738270818,62.15196112301454,medium
7964.087954895283,0.038230958277549215,38.39946993053369,low
5388.965750085454,0.06189292391469397,67.85477056207114,medium
4410.418796039365,0.07379067554507536,87.65636883944852,high
6538.389978195939,0.0747486999230361,80.40628368101753,high
8064.625583796074,0.07035656539896996,75.03986700019455,medium
7481.782636834542,0.03971800324383368,42.42476769012563,medium
4854.367337937698,0.0863213751555702,90.49909494635743,high
4819.6349665648995,0.046755361775729525,54.23071603087171,medium
5518.002902932934,0.03660896822733523,41.173591071612655,low
9552.727530476372,0.07095861507454597,77.37924981271156,high
9271.04159299437,0.06539634243562426,68.77266571209461,medium
2503.0445477296566,0.035822234518203454,45.30219762074612,medium
5724.161124923759,0.062198630307611386,68.037299082054,medium
5816.198494786056,0.029233126089019026,28.952631663637963,low
6048.896394319947,0.09110627432454288,95.72021485381568,high
3135.966525438413,0.05639068089236949,69.14155848931274,medium
7247.056418243468,0.04016694298688209,43.85679119565858,medium
7545.967529178753,0.030217659939755948,28.199047489853736,low
3993.474495449325,0.012198284895414371,6.688376562050455,low
8873.032709685489,0.01655454062661122,11.539737907016933,low
5608.307582482896,0.06667888426639423,74.55028802690602,medium
6207.828767578278,0.0319585995620595,34.589101910587154,low
7420.4350833383805,0.010499033632422859,3.7485731667482196,low
3299.404724226542,0.04826315745484608,58.0980747712048,medium
3819.1501127989877,0.09621694380515858,103.8382412868296,high
4368.987097449787,0.08635027126164938,93.1411564295736,high
5923.463691026294,0.08212749415500381,83.20871988863726,high
6965.892388520648,0.09550356475988404,92.53535714767132,high
9185.694443578279,0.06513870904855866,68.90430242810017,medium
8729.268772910613,0.059308475554974566,61.22422427026806,medium
9229.060774249465,0.07692898979436265,80.52749961619173,high
4354.298031322447,0.06738952930985408,76.91773922726004,high
8243.60263222874,0.056916983154518395,60.44593545507058,medium
3081.1251539855184,0.03571553357768373,41.92539202772058,low
4537.8633031163845,0.03877386115768861,44.05513393797346,medium
4234.461097961401,0.07245548310691471,81.21569830245402,high
7798.143562709141,0.015780596564249027,10.225840747928036,low
5618.3067557736695,0.028615095056296926,29.694533055105545,low
5651.076383300692,0.09143546305061592,91.3465273185026,high
8925.490242279506,0.07890351185062626,82.59433554030689,high
5352.8577169578375,0.010530647522559377,3.8651833598947114,low
8900.859629268285,0.09580873046230957,107.10076842250743,high
5642.659619723664,0.07727641020802457,79.45438207924073,high
4154.040207428641,0.029747947115929256,31.88564463433433,low
5768.769820349775,0.012612233795204372,6.721556051732612,low
5532.375018532279,0.024854025808315798,24.871565063037313,low
6005.4261192423255,0.021486501755304463,18.89785530666138,low
5455.151922547786,0.06079527847222968,68.04840803971277,medium
2703.2653475523434,0.06784746832084022,84.68557201430532,high
2877.134751164707,0.04411934777693257,57.26889218216888,medium
4087.4521315861116,0.039416122439317774,46.58822745089222,medium
8140.073676660886,0.08487318566397455,88.01384437610932,high
4392.036488367854,0.01737156094854783,14.597099801903646,low
9999.30871381907,0.04149643093481656,41.12955553055465,low
7376.0806993740625,0.08031097446498055,83.25401017076652,high
9622.087995369917,0.02794246141262796,23.82401510058314,low
2652.8501299024924,0.023714411120631135,25.55131842573711,low
6729.771864475143,0.02961680868158533,30.425696399534463,low
7745.987284346131,0.07902082885206167,86.23638477215539,high
8109.442389664644,0.02030795842410079,16.855187518918726,low
8644.758807333139,0.09682486957306789,104.28231308916669,high
4839.679332960213,0.0709612558165368,78.30306763424755,high
9686.29628654422,0.04569889973649646,46.39384514129232,medium
7679.608119497352,0.06645181560409401,70.98680189411229,medium
3264.2597908448242,0.07952327964561016,94.16400628790512,high
3407.912988004863,0.09854599163632043,105.63601820176446,high
8369.765097707648,0.041248338877760415,41.74717706401373,low
6294.705922578085,0.04071080573751549,45.519578408081486,medium
8871.81720249683,0.08400978262810523,95.52610989694206,high
7266.888295760845,0.08458365799022124,94.15218580027465,high
7804.814827795577,0.04919384305069094,53.52237380888368,medium
4525.617972905507,0.08273792969260804,82.44751697387613,high
6536.296798361918,0.053514775349487655,57.75674729752775,medium
4512.96653536919,0.08665418440173987,94.60664407903694,high
8730.482641679526,0.017799660825010697,12.99525097606227,low
5985.313499524238,0.06492985338074686,70.48086018588108,medium
5342.41978096198,0.012582999799308062,7.011719869325882,low
4090.8988763480424,0.08180491211452869,89.09156408905956,high
5052.541323732127,0.0892287981782403,92.05412117894437,high
2576.1333582900784,0.09532563199993281,108.03926107893489,high
3142.0972146851595,0.07480671976937749,83.5371207541392,high
7679.570045848923,0.0681312609766857,73.78521684284343,medium
6181.160013089397,0.08136395813190857,87.97088745205012,high
7688.403664714014,0.03755854271170796,39.43634145999439,low
6861.666889992754,0.05259344398835723,57.26145751945491,medium
8094.5157753520725,0.03977121674763372,41.082569173223135,low
7771.412066393267,0.034382478427857674,34.74503703519741,low
3944.3822008863804,0.020759926712954756,19.585069665188108,low
6518.979740378123,0.07859706485356927,84.64784457378794,high
6131.489404095315,0.07521265009837465,82.3775391177973,high
9824.552671622925,0.057217318219774715,59.64815719649795,medium
3955.8818356830507,0.03047348471342993,34.025987473186625,low
3845.811577640525,0.011273353053045745,5.18976227558302,low
9807.211983270534,0.05980230701187476,62.48052253575349,medium
7730.630446826458,0.021365154366256803,18.27112206458362,low
9045.39801248901,0.06166577976636991,63.9880999528597,medium
6020.477086978826,0.04964219183224093,57.783298130746864,medium
9557.976975760776,0.0529956268539119,55.875876345186356,medium
8665.867339745728,0.04606366980267459,50.38019789991849,medium
2902.0680571939984,0.02342778260262897,24.574705940791844,low
6721.296978134232,0.037345196065800494,40.46709015863771,low
8233.325839946458,0.06456858861186665,69.44959458055344,medium
8430.556223825646,0.03031184233585312,27.910907706379692,low
5820.407530144963,0.08741499992435621,91.29963092144402,high
9925.234453500983,0.03748422198874244,35.09596348496174,low
8050.669791134087,0.09528311802928402,98.49985585737763,high
4058.4092936766347,0.028992267577485374,30.979413329066773,low
3803.6016124482585,0.016755838201105114,13.266366101504817,low
2520.067919521643,0.050545333415593224,64.90812991114488,medium
4236.071759170194,0.073626024689113,81.43834818652964,high
7772.406685702878,0.0508628193766339,54.46807829000672,medium
8408.710199850484,0.06625522064477997,66.6609120093683,medium
7458.8728214002585,0.0940301612600962,96.09225458651036,high
7357.260425518605,0.09175703006913455,98.72159106017341,high
8699.733697375446,0.016426885317023274,11.206930670655307,low
8117.182915522175,0.06122863443871832,67.5829852285872,medium
4664.579412293813,0.02119182923572374,19.059497524638473,low
9570.071805580304,0.055042495940613306,55.19004552129506,medium
6203.464145088132,0.017239766670937087,13.498249103582397,low
4917.41187518725,0.03253311121708036,35.54620817541404,low
3184.951649732389,0.0965719991973553,110.75194605131233,high
9630.897083547643,0.09996151751897063,104.89805801269611,high
7542.111882274295,0.03425599233703485,36.53340758342463,low
6028.756174387252,0.06863585404903177,75.83014365905979,medium
9370.545909450757,0.026334023250081336,22.218299061057746,low
6187.9435164326005,0.018211816566444446,14.111166783834266,low
5109.707922209878,0.039997755429858284,44.241920227186846,medium
4973.5274768422405,0.07243063065850892,74.6156360497421,medium
4661.633465210918,0.09506741856068895,100.82731453013602,high
5911.194314512971,0.03830654414531512,40.691593322442515,low
4924.55339706996,0.09731662541277195,96.90774513885454,high
9910.894110863155,0.06918943478348161,75.00840088227142,medium
6569.451957678963,0.04719228137193894,53.90399688490754,medium
8173.3236554168025,0.0662867867930508,73.1994692414167,medium
8199.929020457628,0.028320241451524647,24.770434518007463,low
5785.870713042837,0.07284250262099551,77.10280495126156,high
3410.6956252196487,0.0975832134239525,106.43971082910731,high
3687.836228539243,0.0595755106302403,70.75894211597405,medium
6641.8855679029975,0.01838882811533703,15.42051123358302,low
5960.859206340876,0.02057195341806018,17.706773568273363,low
8741.07380326676,0.05485379542364758,58.18810515113327,medium
4550.686725349557,0.0851251551019025,88.12982102200885,high
9851.834744525317,0.03193578154676246,28.685085504319666,low
9414.011124486715,0.055741680243360466,58.12933698204694,medium
9094.946913598571,0.08776242409857293,93.51559010443204,high
5612.068176635088,0.09408235543142682,102.52904822392914,high
6308.032568572424,0.08384945258670205,88.30993365503235,high
6902.032918106208,0.09990120999064049,107.03203779312449,high
6172.302599917757,0.023373587654451022,20.89678180417612,low
6639.380628031083,0.05890870566628058,64.9600329065133,medium
5915.084626498758,0.03895996152061337,43.80865219655363,medium
6788.482314886758,0.031020620145210384,32.66152167462614,low
8316.583563244441,0.013928256918757174,7.998619426534074,low
8585.566769236575,0.044747087724188415,44.79951769302182,medium
7477.66622113401,0.08386727965385996,92.4276782114103,high
2777.6470850918213,0.055206203511966936,69.9230773461104,medium
6926.353219821753,0.0882730282025994,95.42470597404701,high
6444.633151056711,0.051123526702681804,57.02814162692245,medium
7918.32870677982,0.0468980757771728,50.2905939768477,medium
6021.17950738549,0.09722832675167956,99.28494005774074,high
5039.209255385738,0.0723434138728194,75.80911442304867,medium
8892.560024244198,0.087340796575144,89.29381440635201,high
5350.0704814199125,0.038499503854005974,42.705293870942995,medium
9042.872630489022,0.013230918985391792,6.599248191449058,low
3013.155603861636,0.06680449151691766,88.12069368670727,high
8100.747750534452,0.049057432473081315,50.646275144543445,medium
3238.3234478739846,0.06703730459027123,82.02116613941553,high
7705.008720949259,0.09130816558454374,94.68484248606845,high
2844.9322650790955,0.08165291186459907,95.07979696908968,high
3591.7734677454882,0.05780496863338841,72.38279243194835,medium
6744.460464369526,0.0813267526492858,87.07804508347367,high
9031.29698983641,0.06577393316836738,70.9371606759108,medium
4306.223438922348,0.09215461144211994,100.70802151127609,high
4404.830045601567,0.03297940373432386,37.580286575919544,low
2570.480735911533,0.08241697692776317,101.38844234814593,high
3684.817165538402,0.04975568052434331,60.93944810968555,medium
5091.742183323113,0.06288145346137794,69.08569712691511,medium
4375.736683057759,0.08607735326283389,90.72493877349724,high
3994.1274933166924,0.0446223924070611,53.11365900052307,medium
6789.420192630541,0.061733073716078064,68.07123369463622,medium
9945.190327201732,0.03657076784949424,36.56777031491421,low
4558.602851336708,0.06093361152601291,69.89922963550336,medium
7643.49619550509,0.07702019570487927,85.71430951899404,high
6225.454648929028,0.09137397618043529,96.81894961800185,high
4646.4561359439585,0.0818974107556839,86.17663374407674,high
7274.634085044189,0.06588020468172738,70.28120876009768,medium
7583.233439675196,0.07488355390036382,77.86290029779583,high
7211.860777651737,0.09130633336656711,91.83506403923103,high
7347.554566678921,0.03780395955573725,38.25506723218206,low
7992.698259544287,0.018112003817159706,13.694263489405952,low
4713.328387218664,0.07727327784445344,84.44952613156863,high
6545.558192383158,0.09743406230902059,103.0586722872336,high
6481.392802770888,0.09221382770335272,97.73583782518178,high
8685.173594068056,0.05336630468863671,55.95046247176239,medium
8548.663703453249,0.07719034156453405,82.0407179816916,high
9721.699696516582,0.02266813135052944,18.54421337349216,low
9748.75157097064,0.08741265372089396,93.11938077502808,high
9754.523104750242,0.08241288796185058,81.3466879143148,high
5243.3128705417475,0.08116137717300438,89.17886528195584,high
5910.89520800406,0.07055455436863783,76.91696773272648,high
7542.555980132599,0.06261040824869495,70.19854612807954,medium
3312.5957664942302,0.031043971199042487,32.99404638814778,low
2687.6848723486173,0.0895811360693367,97.89124721677703,high
4160.254000554925,0.015689533704417592,11.44523737699658,low
8678.915135428357,0.09184488745851029,97.45283737787996,high
3548.327593804158,0.09516353795937517,108.36858343402497,high
4782.734382670039,0.05433621570803854,67.29781673532408,medium
3517.480365297524,0.05082793812000034,66.42338265071898,medium
7528.646641376285,0.07688261093708544,84.78267239916258,high
8067.017610739868,0.023907061216885152,20.71558131154895,low
5611.633955776052,0.018911947123947566,15.169813765745433,low
9636.411440357946,0.012944465816954222,6.463253807048724,low
5278.974690508266,0.04990447774546315,62.508409190687985,medium
3245.159684545977,0.07171122389331569,83.09644728426012,high
6583.493961116087,0.09800582765068422,100.2475613485857,high
3923.5642162080967,0.020994374717853738,20.11255887545142,low
8860.248913477608,0.05092456317134655,52.9802057424834,medium
6978.594696396588,0.011922170926273358,5.455754286107874,low
8400.959428409626,0.03192120074476213,31.76871360585356,low
3014.576146182669,0.0788641638299726,94.93450386953668,high
4053.6802775999386,0.029435621672680733,32.51133285911805,low
3606.656349560828,0.09104779320685824,99.20396532321875,high
2521.2666361001225,0.08725655137421587,103.83655772638244,high
4379.906475460929,0.025704740881125412,26.4622846301866,low
7457.932319479876,0.012320213480757854,6.483757388417631,low
4284.487045678473,0.03913943157658202,45.96469354200868,medium
3806.8465105463292,0.014715911607505888,10.426305778439737,low
8092.489562754968,0.05286213688809253,55.36555006818357,medium
8335.12779485652,0.05619141618482726,62.26682610580145,medium
9590.617322275797,0.013902853320925454,7.808046261713583,low
8374.202469852848,0.08802828169838545,91.01344915367687,high
9730.196373415216,0.015474286674505525,9.476409401154132,low
6092.364332487725,0.04614555290613045,51.93948256191853,medium
9322.756218364219,0.016614164418980545,10.710440181250645,low
3105.9285805809395,0.06474676812700961,80.20069855492993,high
7248.075432257616,0.059352079064352456,65.76262647675193,medium
4938.89082489001,0.09951649802748312,98.36060634363552,high
7040.700936514847,0.01892606155111378,14.904043272922877,low
7763.345639095496,0.08675134635660176,89.60790148536364,high
7906.299374931994,0.02935207596947472,26.91848386050344,low
5886.661869739612,0.0305644216928126,30.995337157449285,low
5619.9223769612145,0.01855772553480678,15.578493304542555,low
5700.730046957186,0.0698597076754278,75.2120078276162,medium
9422.387768007884,0.0160419977322983,10.448072121599315,low
8738.289163561409,0.018390709153330968,14.07270133008511,low
8588.269639580441,0.06007336620538152,66.21808213893115,medium
6898.488120546077,0.06054277725928653,66.17605098431936,medium
5151.985597253257,0.06988064680026239,77.42428372526714,high
8127.131876886087,0.08812829339821585,92.69518368846113,high
7003.075684185078,0.041648156712383415,41.74386581951824,low
6834.388887923911,0.02914649251048055,28.4249007786006,low
3311.6378644545,0.08608360767412106,96.21873827459562,high
5256.707879615126,0.07863450687431647,79.75727633021098,high
8838.663709962686,0.09770919419131374,102.37262100300579,high
8638.201446555022,0.06522159524819184,69.57149839769185,medium
9468.132182462023,0.08465147109636967,90.60928149908956,high
4505.8579386558295,0.026237446476476897,26.575071514307787,low
5048.684925829438,0.010549521046329282,3.9678007313166033,low
9023.970299023287,0.06096889852852387,64.05421632042797,medium
7248.790094916354,0.012759138854281532,6.820150926743524,low
8095.838215042801,0.029361959203015986,27.265052413835985,low
5275.398193577529,0.07494363709684058,81.74429371982318,high
8326.267149750558,0.061083420095295764,66.31217891091696,medium
3680.574228303649,0.06560543637334276,77.736381632334,high
7554.765329598347,0.03448925591915971,34.48634197856996,low
5815.331400233343,0.03458501599282925,36.06115513935843,low
8162.0735775127805,0.02024357572991816,15.806459454274778,low
7588.646910700998,0.05379694780278258,59.79555244894061,medium
7503.4941905226215,0.014087562634398478,8.16826040379407,low
2557.6531442491214,0.037127742581659316,46.80591356847814,medium
4084.2548441523422,0.02235113247315943,21.501395774048383,low
2557.9742992698393,0.07723127110867911,95.17961886381485,high
3817.7110140688173,0.044218670114371264,53.52833604839807,medium
8750.156518149088,0.08255801679100874,85.48768239795314,high
3040.5662244411837,0.08755879258203297,101.22136587971077,high
9408.718258768093,0.08758990122508598,94.50836699196951,high
6818.193705526233,0.061605971279725884,67.23213262112102,medium
3363.800294978487,0.011877090312227393,6.131504466921342,low
4935.761345841354,0.0821189938879407,83.37730199226102,high
9398.273138060384,0.01793168931680962,12.17887199251508,low
8833.632698610227,0.03189848273404603,29.526738793507185,low
5468.250226444998,0.037924710565227525,41.366869314441175,low
5046.349608613479,0.03997617602438188,46.39675179720031,medium
3355.199798789144,0.055895685609067484,71.45790061416582,medium
9294.420486850378,0.04144377389251423,41.516143477840224,low
8612.777543125107,0.03126419640520519,28.245315192332765,low
3598.331637082708,0.027754462254158493,28.754627654009187,low
7416.317578890544,0.025943151605250625,23.31300564028054,low
8296.360669356702,0.054470532251564986,58.92897843277877,medium
5866.7894274629725,0.09317388325470935,91.99605245499518,high
6733.688375520995,0.06717684871545342,70.02495316823341,medium
7204.130551748289,0.023586166125376923,20.19454529875103,low
3012.1469387181705,0.04979872574526564,63.74712256163403,medium
2921.2909015980854,0.05566031967608004,71.86556600702613,medium
4828.058879547332,0.05067224773306141,64.00206372024218,medium
3075.4825088009125,0.08778250305327152,102.6981270229134,high
8914.700285920677,0.06535075495740163,67.47785333233588,medium
6657.37278503728,0.08126360175388227,86.3570405843129,high
9219.07574167602,0.05047603332858157,53.95370281115549,medium
4911.4507216032125,0.05280661251487626,59.84720398160705,medium
3631.4580752172888,0.015568633009099065,12.382148072059842,low
5075.783318787007,0.07428839942507164,83.26633226846876,high
6284.11751125718,0.025530302029272846,24.34291586848655,low
5795.663438219683,0.05704732317389911,66.78366287754172,medium
3690.5965598615603,0.043556678389119446,53.01821922471763,medium
5037.753601310646,0.06380972761446906,73.49021725711513,medium
8419.201986727487,0.06825748212723763,74.1403198475653,medium
7587.845086300607,0.03557322764903024,36.70234217805961,low
7928.002412518464,0.06909076777694302,78.13770245206867,high
5000.215270454175,0.06244655631277777,67.85349178044832,medium
3560.7128543823837,0.041483870878225984,52.82027095303951,medium
5439.684882515203,0.06355371053364174,70.125062605147,medium
9535.016496743207,0.03786236986743649,35.70282339190519,low
8598.885878611007,0.07031047599952503,78.14067678377558,high
8717.192296708483,0.07648972049165345,80.75412625149715,high
7345.186155501159,0.04810657296898934,51.49288786587811,medium
5213.710722600885,0.042633790208384,49.53364143618454,medium
9607.5120065076,0.053764382878545465,57.2368501289492,medium
4199.072849004155,0.02238088178593714,22.572229400797475,low
3258.555727509206,0.07937872483267909,94.3265326467321,high
8763.398699759171,0.08953139489433055,98.54939263348274,high
8247.307033354311,0.021794413728655725,18.22232573548473,low
5325.399031168935,0.024602249087960548,24.33565807880011,low
8567.82789729476,0.024898524916965287,20.874178467368594,low
5782.5505385376,0.046977275034688015,53.75051706480352,medium
5831.490323539567,0.035643513930702246,37.83209515195119,low
8114.023885715772,0.05040351667300064,53.501090539002796,medium
8564.679033180899,0.05221140445290275,55.747436076706535,medium
8763.350445442806,0.04310568624025296,48.32177455095259,medium
5962.599838307418,0.03535945594333979,36.98191928043743,low
5364.043256430328,0.057471380961533446,69.156016999401,medium
8509.444181136607,0.02245586811430881,18.575477749423275,low
4375.024086917553,0.06770611325840024,78.90246687367137,high
3269.42298811307,0.08613030490600947,95.5418088759608,high
8883.745360635841,0.03565567126533956,35.20871669719727,low
9289.796567336809,0.023261379039244388,18.855141030016615,low
5781.044201462357,0.09517719367105847,99.16085723995674,high
5121.888086039867,0.012400317172264468,6.941963871430263,low
2899.4266537830586,0.0551806403223912,70.46601114956991,medium
5311.845050633257,0.012536879097533506,7.538769852553533,low
9481.194285624648,0.08552586588504452,89.21596702821235,high
3531.9969079440375,0.035819145758194136,40.29578319400445,low
8723.211873646169,0.07264647897183853,80.15106941133178,high
5864.511054866849,0.010472607847505614,4.155959258474639,low
3094.1932845304095,0.033033153559334026,39.30126558682689,low
7954.260889936989,0.057499435529805194,60.410228458128806,medium
3333.901452431788,0.03592914202353075,42.45675384825654,medium
5648.691578150823,0.08145091977754944,87.12920774415882,high
5928.352124773365,0.01997721057610135,17.532089168073718,low
2623.2651415442083,0.056383815718846556,70.1757097542155,medium
4314.53600815745,0.022921915622163405,21.3356074284643,low
4304.2317910490765,0.04749108356876859,58.85189358330399,medium
7482.784763065069,0.01770525594885356,13.336058145967796,low
6445.4458399162795,0.055659492692180804,62.47855666330413,medium
9912.486141973506,0.0598736757176376,61.130590755119925,medium
7267.530936014725,0.09829354802964044,105.62961557870719,high
4402.376958019096,0.011461800799805286,5.5728416993233525,low
7997.057660879813,0.06654312662280909,69.78708195119654,medium
8286.260305823944,0.07616682863310802,81.24417482580586,high
6595.103089057686,0.08321579790004793,88.9964191850775,high
3813.168452887813,0.08012283341304534,86.09764201992456,high
7238.018858187534,0.08303479136628458,89.29223698611511,high
2973.2540277416847,0.07985713597330796,91.27115485065934,high
2828.547067443423,0.027952285034366954,31.33506009616151,low
2814.294564477865,0.09400338819553576,98.33402209983207,high
6572.730232406394,0.03279823886823557,33.6216900687482,low
8149.681891141487,0.027199308766051984,24.29141746247701,low
8993.487078085433,0.03987322177432101,41.93974601118072,low
3433.5625618328754,0.043121725688320574,55.24581286059265,medium
9209.7812121629,0.0447980291434623,44.66831703458179,medium
9802.926882364818,0.054658290388332045,53.03503123484523,medium
6394.568901512064,0.08210332786615965,87.28130211731954,high
7953.109932569768,0.01710343054499211,11.669133533812525,low
6591.057980084777,0.03890902853931347,40.72053387482014,low
3100.5168330624642,0.0694827299312323,81.85522014735524,high
5695.87054662284,0.07207883276009378,81.0837331669748,high
5136.602378289941,0.013811964656511657,8.871878736594269,low
9986.129483297867,0.034709982406737186,32.0720576526974,low
9850.204593957093,0.09531139407427777,107.47953404864812,high
5224.833479882367,0.0820986378005953,88.47048557794224,high
7595.579558610174,0.09575104566516471,103.89969484974492,high
8359.839773075999,0.013131906921868783,7.2068049226907815,low
3004.250222965816,0.0800663836156179,91.75492519611339,high
6754.334812930896,0.0644585345969307,72.08597354403236,medium
7592.965426850462,0.09539411763390009,97.37945399853182,high
6804.413337504217,0.05765138933826607,66.3527879794304,medium
5485.255344643375,0.06846046630354284,75.01864120649105,medium
8017.561446095708,0.05491395642308202,60.579243283826614,medium
5402.405350294476,0.060550543968368245,68.10653697072992,medium
5847.048343042121,0.09967286009392848,105.07083253254125,high
4641.826582736185,0.09248310185876933,95.75070125230184,high
8896.197177882419,0.05068384167208577,53.91848351436672,medium
9240.092730896728,0.05006000734682096,54.64185174938251,medium
8841.409142310245,0.03876289948899732,40.024647563274314,low
5105.6897105392345,0.015844517048446406,10.866314279581605,low
8885.215380648444,0.07406281936064914,77.98734788351884,high
9454.933425423833,0.06739300203076147,72.40516787911754,medium
3410.2184130884266,0.028088233405991717,29.624717290899003,low
3541.5765402877432,0.08113357547269742,95.74719564174309,high
5266.833741259155,0.08232955536597278,87.54288160723875,high
6637.352004448207,0.06507535263584688,72.78644327917456,medium
9996.962829507902,0.07469826939016476,80.90615235708582,high
6442.717411227251,0.07922480953372282,84.96756940548111,high
9792.847986353245,0.06781047304477432,71.22809589125913,medium
5874.808717472471,0.0712098091584623,74.60782049341707,medium
8351.971966287314,0.06758145364299968,76.26964173759315,medium
3864.72352414103,0.09696381525406962,98.94910612489683,high
2915.596375133328,0.0211745008575111,21.215161442260285,low
3647.6160010765047,0.024819137190111175,25.014250232826644,low
5095.173117564048,0.09468136494383814,101.49024967469671,high
9211.944376158433,0.0861340335540279,92.59989861635489,high
6631.310616123547,0.021265326561421244,19.119441334444108,low
4771.18454581657,0.05801302267915426,65.95334620043573,medium
9562.052409014468,0.023877484019160688,19.89220291005755,low
7440.496550378157,0.07485694915935458,76.679999150811,medium
6727.135258234718,0.08427126405939689,86.19662438972028,high
2712.801159241582,0.014091562296220779,9.632006689778002,low
7383.474831141999,0.07902631008246801,81.8974032553242,high
5624.400877474347,0.06750920729879835,70.98376818952758,medium
4672.537426012043,0.09609851529589646,100.2429946695635,high
6122.0861363156455,0.08242193387941597,86.51091056299117,high
3047.2976912900936,0.01539217296412021,11.478145160857897,low
5797.0412494030825,0.053582601709662336,62.336849736282545,medium
4844.3687443519975,0.07465265966011937,84.26738815646199,high
8006.498161034101,0.08746996291788928,94.73363823219279,high
5279.051485377184,0.06054860941735323,68.18291736891565,medium
4893.369148023679,0.051982531033657284,61.57259687264451,medium
3226.087394204286,0.03611908044729114,44.010024135033106,medium
5381.123751262045,0.06538396997475719,72.46392196243134,medium
3697.7474659762074,0.03946922387210755,50.10609783942015,medium
6832.652784201973,0.03814434287760458,40.92004770734654,low
6360.436294236133,0.05488837375578888,59.81430524849862,medium
4814.05361540822,0.012085866839471594,6.5683623059077245,low
9750.149729143566,0.029362998027361704,26.152491039316587,low
5146.713166422665,0.014548636416510271,9.133391533065478,low
7406.950276672128,0.05235281680313762,58.12709222501982,medium
6525.180619666953,0.08624551288541212,85.97877715180603,high
7956.310475195439,0.07874710877457906,86.47314850684741,high
5244.530143881722,0.046052345891328096,52.88451674545605,medium
6649.1719496586375,0.016617857476855763,11.976033603742318,low
6281.916468424035,0.07879637032365157,82.69838513186792,high
7602.989800891456,0.02069299177512306,18.55385189964061,low
9813.12111560338,0.045451334145574646,46.367746899378794,medium
9542.114252165316,0.07794686550635145,81.37932388420217,high
3992.9341116433748,0.0558210264602664,66.84428343067009,medium
3527.772801756403,0.03997366348174905,48.32514833050169,medium
6053.081127963926,0.051128970335458664,57.341815620220665,medium
4959.743857273947,0.06517613089582103,71.03022224427866,medium
3718.7653440770455,0.09915541638050261,107.89611055710917,high
5022.800891137587,0.08454604473616384,86.53176502924893,high
6492.548724069073,0.07378658257918941,78.10598815637513,high
5262.683573993272,0.0706425753225715,81.04293223556566,high
9849.235233843714,0.06253319276639077,66.81251276486722,medium
7660.327384020788,0.012398243946744988,5.884436503751128,low
6059.426605637954,0.09703636265548458,101.67894033727012,high
6832.257968981371,0.0749260101066676,76.3909968279876,medium
6876.4245778572995,0.025346085557199343,22.97164922844367,low
8808.753437186982,0.023299813747029864,19.07870465197825,low
7605.451712880092,0.012841346200788945,6.875646818510816,low
2642.0302562995944,0.038232323510126974,47.02299459648556,medium
3635.7344358950904,0.0721450234826673,79.88924807240923,high
9403.907124229081,0.08855359380210884,98.07955272829042,high
8018.77953451511,0.015605315741298876,10.390731495800324,low
4937.871508195411,0.06960041197429143,77.64823261935412,high
6441.078635500266,0.038237733886403544,42.684135654148434,medium
5067.452632613846,0.041885828978033154,51.081508216970846,medium
8289.923381115555,0.07488321051945634,77.96320173493852,high
7075.574350590637,0.027303775222304205,25.162894101245794,low
4348.893516455203,0.060227798572666386,71.2450078673359,medium
4732.109239576809,0.036010372366317246,43.706095488203445,medium
4054.583461409802,0.07344894337661771,82.18459985809332,high
9502.752810781003,0.08158648204021002,89.89019400117623,high
4550.931525665673,0.02096866951594436,18.911622510704554,low
9851.204029910215,0.08365397141175061,87.78210110619787,high
9659.56647543596,0.08241542505609133,88.10661888671574,high
7856.059656237965,0.04117271626860549,44.501781962862104,medium
5817.820838986265,0.03307995779261339,34.37689285189497,low
6539.334427814896,0.0939721540404977,98.61781404333485,high
7721.28475485117,0.022354565932083067,18.57254817841972,low
4318.435288077151,0.07028505684037936,77.21201941729603,high
6482.811172995994,0.06741501160677739,75.66543901575012,medium
7880.185421876828,0.019049041429961312,14.91196329425501,low
8280.745435737093,0.010466330176641702,3.1532396973903865,low
5551.805886601625,0.09415288887365364,95.33763895685074,high
9087.99716135671,0.05297036683968069,57.42157796077879,medium
4908.75776589375,0.0681308126101243,80.85378319744935,high
9309.527190517168,0.01805146484603647,12.42405794062361,low
7923.382586818175,0.09430024417755635,98.54512883955347,high
9349.222942523895,0.02575582979328668,22.67171077060524,low
9397.261088882005,0.09974546227796591,106.6067348848943,high
5477.459307087247,0.05458455075895821,67.41650750918357,medium
9445.297734223323,0.0889068851126131,93.01328234592769,high
2569.5037636007482,0.06111656817980459,81.78281900999649,high
4634.212392625347,0.0990189523079851,108.41314611343586,high
6574.753626677311,0.05445211783076373,64.6054299774284,medium
6010.155767547176,0.02735302584464288,26.434711456563928,low
3344.8507076511587,0.024624483628576478,24.966361144498077,low
3896.493018460508,0.07629561059430313,86.83950099979589,high
8430.757483189418,0.061100310017884546,65.7229898773249,medium
8921.098782050933,0.09073384856055777,95.6361716658823,high
8702.423689572322,0.05637525930638164,62.616622276033006,medium
3885.8590078550496,0.022655068807086863,22.640470262283017,low
4927.012525638121,0.03232423753004306,34.906366867025284,low
8153.174888360928,0.09586313403894213,104.33918520000122,high
4764.59379768711,0.07505942755608977,85.30745583244592,high
7695.764428170542,0.01559118986204825,10.37788888568538,low
3386.6863585297942,0.03761257078032578,43.708337240522205,medium
9213.387773621907,0.07332013315920304,79.97713104402109,high
4832.334612884952,0.02056741712602987,18.787455874988595,low
7109.690861078868,0.029721574084180954,28.916742754989905,low
3501.765866476031,0.02378670082202613,24.123035056708,low
5618.842115734185,0.059431105793652836,64.27401790893533,medium
6031.210576594836,0.058376591892388086,64.89608781330078,medium
4355.990719814333,0.07792655947523788,84.34385144497956,high
9048.512938658001,0.01736832758259474,11.575216607547551,low
3085.7704161058014,0.06077518500461274,75.87384860066531,medium
2963.1853566751283,0.05928843238398384,70.78407431905914,medium
3623.892860368107,0.039530587396798586,47.426362789908936,medium
6402.561558885903,0.020461601996619783,17.56894529259279,low
3182.062333387659,0.05593378186295511,72.47315323309674,medium
8565.19062382928,0.050808907016180384,52.75597648419773,medium
2933.0258569939356,0.05161404751650314,66.12949715597992,medium
8551.865144157944,0.07509520718425021,76.92953638885842,high
8093.533621238617,0.062048013855313194,69.23720549602723,medium
2839.6735204587158,0.041007597990592115,55.6937411327556,medium
9509.370991637097,0.016211723154428242,10.893304164826194,low
9503.316719386981,0.012856138392077113,6.08373233138364,low
8243.707621927839,0.09804999564316909,107.40479644495173,high
7344.106135728726,0.047832574499409516,54.487096274883676,medium
9022.152139830312,0.09160905803721153,98.36938446906298,high
5317.341503514907,0.07144573186913873,76.14205891079393,medium
7401.505738140265,0.041299289842523526,42.84094617809415,medium
3838.552217530838,0.05835326377582012,66.85556678641973,medium
4170.176619746999,0.0103125965450417,3.8343204033756817,low
2670.5149549147495,0.03685266898326837,44.277108160034096,medium
6489.502063725691,0.0841024393638206,86.11610419594172,high
4356.340288778317,0.04115437614888641,47.9790278321933,medium
7937.679594316888,0.02015601748898296,17.295450085700807,low
8571.086376543957,0.0477316538642577,51.127207467726485,medium
2617.3434727266217,0.028547345966519276,30.289735205613347,low
3256.725348193803,0.013021864817885271,7.775074837363528,low
2865.0724093281183,0.07664869706318755,88.41707243813524,high
5516.990131081797,0.03109053506388055,33.02265328824585,low
2923.330262683457,0.05535062640468411,74.06440565597745,medium
4669.475885154391,0.08342076310869852,89.03887047796826,high
6984.382557079468,0.07052787112932224,74.22550514260301,medium
4904.988365447374,0.0371587991629783,42.98181210765834,medium
4157.820553345244,0.03704508583816776,44.38801906671328,medium
2957.1822783007165,0.09536682295240492,113.83569856614163,high
7194.948532362475,0.04844805240650892,51.5395307883093,medium
6217.155906197657,0.09750612118093173,105.4709906747103,high
8393.534469853885,0.03868610115846811,38.92621063690259,low
5622.434750660836,0.023429584704264733,21.119703917134924,low
6051.391153091649,0.08644068390340365,94.20519057744932,high
4755.523140963609,0.0736819117739175,82.44730323395696,high
6717.894621901818,0.0971007569691964,95.17358762454407,high
6679.650686494549,0.022068347595317027,19.407692456924185,low
7350.293886609586,0.09300034940601001,100.27520308698874,high
8853.500394397088,0.01832175968741773,13.34667618543652,low
4513.461908912359,0.07063047285711208,77.3769613097048,high
7021.915337418069,0.08862584126405856,95.51872673950737,high
7932.289298891118,0.06029654286452746,68.4140035870311,medium
6095.456548531861,0.08825264663720842,89.20006066263286,high
2615.002796713696,0.0943443786882023,116.5468394999862,high
9715.581670858443,0.020558457949900105,16.27763231166474,low
4319.448863843061,0.06439613806709031,74.11141252411916,medium
4033.848572334203,0.09236138136342008,95.30603429578714,high
5354.9630827969195,0.058028511467463684,64.99952348461507,medium
5194.446666636818,0.033540546464681735,35.09367341050721,low
3239.5617367411005,0.0983186611161919,109.61687787892487,high
6021.178165169188,0.08557580634073164,92.43585077462112,high
5604.476279339684,0.0606272254717919,67.07410498833465,medium
4159.555737371689,0.023133044179229373,22.494922759828068,low
6843.571945280503,0.047582026619965634,57.142533154406685,medium
3643.0855763810746,0.039687875738007396,45.71768976400364,medium
6244.761117769918,0.06891471695089198,77.94992815536696,high
7636.349592594296,0.03315940818713945,34.43194118445374,low
7312.708407990304,0.05415360243227042,55.71469921392492,medium
3761.7523446365576,0.08154779629182707,93.8273683475824,high
6162.372409405993,0.09252094507249302,100.66303932000153,high
6566.026415135164,0.067762851686413,74.32908814946211,medium
8850.230373870418,0.09506693000808084,102.37662365232028,high
7511.6165754486465,0.07879049592148173,80.1177716643958,high
4235.750440580841,0.07364526073331139,85.0917198437343,high
2568.5609626799633,0.05551596277237587,69.02881701304628,medium
7500.660471650048,0.06548674249759041,73.08921708043167,medium
6124.031152163689,0.05390689456027642,63.76033584451352,medium
2588.8822609591934,0.057647588215748564,73.27023111396684,medium
4560.555528983739,0.09797314134092606,108.00602431276226,high
7555.247140894077,0.0825550929052686,88.55746891017988,high
9323.300244990747,0.019631478582504365,15.007916103875257,low
3939.4904274370992,0.057381038686019466,69.6903529203937,medium
8614.107930349619,0.03405922630089723,32.65183447193278,low
5545.205574054145,0.06085019642031722,69.53322258638144,medium
9926.747737297956,0.030327152736468,26.840014797474954,low
7403.017896693648,0.08723972431190685,87.69245448323758,high
8196.893876326336,0.01841504548843985,13.419026256503349,low
2920.862043467243,0.010850515538871756,5.0228280569333466,low
3785.3768141578576,0.05498725538015129,64.03644365304032,medium
6743.924709632763,0.08721642820273025,94.11921218144951,high
3215.2137660304757,0.05753432670774833,72.662877309438,medium
9010.876679362042,0.08987988763310442,97.12333402060968,high
6066.25215733955,0.014190577366756897,9.52490790230082,low
9244.837381487565,0.06071588776431853,66.4093450781566,medium
2746.7633511510394,0.09358897251291934,104.71953304215391,high
6902.770780633663,0.07770290228621786,88.98690708161561,high
7845.335499620198,0.04584664183556099,50.323062509906805,medium
4303.541457282151,0.08511855040825768,93.2305551216102,high
5418.674555255191,0.09068731903024478,91.95070867038086,high
3549.6294567639798,0.09896301621226929,113.60748665715325,high
7931.226775707361,0.05507135664739527,60.572456395179785,medium
5778.161896326244,0.08548071918518575,89.83437698504719,high
5054.445598563295,0.07921050880288981,86.73669922672869,high
8301.661870984917,0.012666309305064861,6.345004034537869,low
4549.95271471598,0.09933272906057176,100.73668013446694,high
9558.57133728044,0.04886631516155903,50.68704966633506,medium
7597.711435661192,0.0694604716763388,77.5776249807269,high
8485.4138035206,0.07417976794105471,81.19111471538929,high
3115.285072548614,0.02387988674789666,24.3704458765278,low
8047.4146673244595,0.038501040581338256,38.11655444848546,low
3299.1318828344583,0.01046757001330271,4.151007989841036,low
4523.248324295399,0.021925630404477946,21.10186754969048,low
3905.4383764590793,0.050395930931930635,60.96099095906705,medium
2696.964280099729,0.041852285861073306,52.18903261927891,medium
3197.981953449056,0.06382394180148457,76.25405743941785,medium
4688.8551347224075,0.04490196034405544,54.66306932315054,medium
3135.246376963919,0.09110224403707898,110.70792458752241,high
6789.703230621546,0.025262463105309295,22.503796318205726,low
5355.490176165573,0.02249560530634751,20.54504767787701,low
2974.503627077158,0.04912086423364705,65.40530723837242,medium
5658.267548293932,0.05358081825405357,63.072089394541294,medium
4349.425512602522,0.06625303189920052,76.45588436920798,medium
6953.547985293089,0.027599340239223447,27.130761018907045,low
9616.17596795924,0.03989954937804643,40.13983672354595,low
7151.44140906017,0.08236688157616442,86.56587007899319,high
8616.066025022523,0.08735576203907516,95.78916966082298,high
9806.69032378455,0.022251202442043833,17.19783621693215,low
4006.386165265538,0.038276495307589725,47.91902737994011,medium
9734.309673210955,0.0971852699572026,104.28192058816678,high
6182.554846690768,0.06182913534624646,71.64791930296481,medium
4318.182225854298,0.04384497720917324,53.141170731144136,medium
3354.1586770899858,0.06074654577659074,71.84810259774142,medium
6941.702756877891,0.059106617690574,64.20969965559823,medium
9647.53458614722,0.05154600005498337,51.75120084048883,medium
7812.752884420476,0.049460945887801776,53.64018337793805,medium
8642.24176003344,0.0816091152396359,91.32095101869446,high
5568.561926836761,0.054937289376006435,62.197584032638126,medium
7439.972263992386,0.07437127521694836,78.53096183281328,high
8418.075724150473,0.01665686220240596,11.852670184499601,low
5506.038229970302,0.05559513787265582,63.67357511346467,medium
9402.941383587218,0.0722537979308297,73.24219744328661,medium
5196.47119762195,0.09059513638248091,92.65627166869457,high
6526.794895184408,0.0674362330309757,76.75361440471468,high
7432.0123343557425,0.04195079375036407,46.238113401426,medium
7352.498859875532,0.013986702417506464,8.722791557228778,low
5497.133096688117,0.07774144999566453,82.7011030095546,high
9742.875832853711,0.04874099895011641,51.30454589442624,medium
6330.071803937835,0.05669179901644147,63.79694812237013,medium
6853.887216430031,0.06177118584433836,65.97567974711298,medium
8292.56674346824,0.06297309608861326,68.44652583502504,medium
6253.493362148009,0.04104706488395665,46.10127188489626,medium
5619.815713942844,0.09655550791119734,99.8310407908885,high
3370.52003469231,0.09466085423315737,107.49346809929078,high
5914.994764194078,0.02861805935874831,29.42720676425755,low
6121.9449908454135,0.052854627808824724,57.8796746066303,medium
4891.821056632753,0.037023767486374634,42.39764360133242,medium
8576.394526890235,0.020357674002890735,16.500023120145116,low
7578.54499668163,0.024791868356563294,21.627973727051426,low
9879.253529412084,0.031952165189679346,29.743003462681916,low
6698.867143673973,0.09626163595605548,102.28920388091987,high
4238.916605585578,0.04645426926522277,57.429983522061,medium
5741.008393219619,0.012627304690815152,7.180432999002381,low
7105.802030289398,0.027759199220402174,26.021506350790307,low
7785.517119698008,0.028520603143058973,26.674958303062585,low
8142.4412152036875,0.08278568097681348,89.63046053601494,high
9039.844975074138,0.02682638520688841,24.058138383919886,low
4944.886836991139,0.0511795379985567,60.63733065849309,medium
6457.862647208371,0.06751977270995356,78.01093030251357,high
6977.281219622451,0.06501775790251017,69.22179575790247,medium
8841.383520021694,0.06556264114027825,69.0822573294671,medium
8603.036906957004,0.07353895248513821,77.8302723080287,high
3135.6397646727087,0.02205529926856396,22.696092470716756,low
3383.9623949624256,0.0374842002281949,45.68737069765309,medium
6331.186521153706,0.04764151955901328,56.60252390026596,medium
3534.0047390091813,0.044533896655391834,56.05627939158723,medium
7700.746948970164,0.06807340855719554,76.32745623410547,medium
9999.24664422319,0.05994213182492478,61.72236001280709,medium
4859.350109956333,0.05059008736719861,60.696584458245276,medium
2902.084469731276,0.0423135254954232,53.9075660023308,medium
8614.119554903964,0.09674461804734459,103.70626511305613,high
6290.785147980028,0.05454728630797633,61.00806028881639,medium
8799.188515759171,0.053982956074571715,55.95938598067991,medium
3120.029693398502,0.012777463507870433,7.761948366965801,low
4561.3968870515055,0.05838477563843376,66.41522490837214,medium
3761.5673307743027,0.051158924854610426,63.6713633716255,medium
6622.946384035385,0.020188989576282085,16.03156544808067,low
3356.5498851922657,0.0797601725077596,92.96112431617657,high
8669.581958471961,0.013744947004320999,7.4867446507226685,low
7892.351808475325,0.05917179472497682,65.1264445111853,medium
8725.530374069047,0.0776210945269305,83.08399712425138,high
4732.817013271702,0.0999381402351017,100.4313015181565,high
8625.46438837329,0.04951629130449997,53.43699333818235,medium
9954.682632389628,0.07980684848926962,86.13515416374089,high
6909.429227326079,0.04155677570025908,47.72957412614899,medium
7830.654696203496,0.06694935678344247,72.82822610924241,medium
4049.6474214008003,0.02862484486765894,31.18020014784034,low
2945.183752295058,0.04157339310575479,51.455333738937206,medium
4927.402118910113,0.07336483855796697,82.58429454542139,high
4669.999325987077,0.034060875965027215,39.86621061152839,low
7594.744869424825,0.01857026474329085,13.303585261856657,low
9720.78996245344,0.08071219434621676,93.83869571037036,high
9002.856928253339,0.021419935175242925,16.408815422599933,low
8995.590962433676,0.032470951774432585,30.60782073836589,low
8211.051906098928,0.07086110983299515,71.91454498485595,medium
6170.940444367283,0.06196829763737454,68.47223757676144,medium
5889.937919127733,0.0670264987015268,75.78245215661855,medium
9100.938109804927,0.018378530563835566,13.027006702442334,low
9522.520855664314,0.043216405666787985,43.609434331589455,medium
9626.90559149037,0.03945603521448373,40.96851358963342,low
7995.430199046153,0.07578387437383477,81.29158013765695,high
5938.369425097882,0.06977294387486584,75.43637555622259,medium
6508.183482906737,0.02960469415136853,29.92045224711586,low
5722.323255139271,0.02906663197669644,29.43667527659048,low
5033.163663780905,0.062014027623485644,73.74358700837692,medium
6746.065831878552,0.05368041136076546,58.781711922952404,medium
2863.0694586379223,0.018961726772458526,17.953205129250012,low
8379.17321380426,0.051362358640621025,57.783927225555935,medium
5809.6446165731995,0.01006083383608938,3.6340306507323312,low
9685.238269779791,0.028208638575765978,24.964639400116745,low
7374.978995054896,0.024307971661523747,21.599466703000623,low
9495.441720444433,0.0346617512285754,32.79294191566776,low
5288.828257350743,0.09134202419520922,92.9474040427054,high
3741.4380936950784,0.04567074102390099,55.49165251758324,medium
4256.078811133146,0.06899367055451815,81.82749625023376,high
7777.735298230332,0.010097767332255132,3.071945289824592,low
4196.431460945545,0.07119844526094213,80.76348309984868,high
2569.6521070634512,0.07260373965592438,91.27896060554806,high
5667.3545033129485,0.021895763598330478,18.1428983941199,low
3031.212290503841,0.04447629331081955,55.99725082140449,medium
4850.136080806797,0.08928900954822436,92.17699877541338,high
3528.469710576592,0.07961144352855618,90.94478368393553,high
9947.051164347888,0.022856776015140447,18.107895927471816,low
6478.812074100108,0.010762726775770861,4.101235013701683,low
7918.240197732418,0.06652720345068124,69.86730403981547,medium
3635.305981332107,0.047053890492371034,57.32145744840257,medium
3150.160250994914,0.019041860122987492,16.301817466725794,low
8143.342349109643,0.06306165259853619,64.08160410528384,medium
4858.77751136627,0.022584716992831037,22.322913591076603,low
4577.257427086341,0.017582384439818802,13.734978625987619,low
7056.948241866425,0.08010726872619339,84.33574188896195,high
7678.570562609903,0.08631028939959631,90.60349905434408,high
6383.118458479281,0.05585703095032414,61.516675301004014,medium
8108.827307359372,0.036598784611786006,39.481874180279185,low
9660.036335103647,0.054539894794894024,58.20900303411606,medium
3345.577469528564,0.054962428714539185,66.34954463362453,medium
9832.727108825016,0.09881942795588701,105.34069700802657,high
9504.43301255662,0.021878459265943187,17.911958754178652,low
5240.59347136074,0.07146478441021836,75.3924192853063,medium
8220.444534216893,0.09590076855467979,102.29273687305542,high
3006.494269545754,0.03359667494458604,39.3268902331709,low
2798.701464528923,0.015442197362938514,12.0300330489773,low
7214.28022045432,0.055094406895636765,58.88980103239146,medium
5615.739957815515,0.07316295747611647,81.63106935535723,high
7120.35291750061,0.03497209621611041,36.9066654269106,low
4824.301642124814,0.05601742284657984,66.36028507395089,medium
6522.9262966709375,0.045165835267151476,53.306327656373696,medium
7257.206855149425,0.08510738222662775,90.0142036328412,high
7740.069112041185,0.07569625396883874,80.33615997107817,high
8848.51086355582,0.01521153496208174,9.741003831612776,low
5900.28881722857,0.06479491639846993,72.69217094784015,medium
4819.675479051446,0.07675241581517989,82.89099864174375,high
7809.254553385737,0.07313496501014795,77.35481681133591,high
3728.744732015557,0.09577145815792279,99.46947024832835,high
7905.741385700942,0.025026665877314277,22.320969322373816,low
3451.979556108436,0.08030115819432888,91.2127057230486,high
8285.727178672185,0.012642062605552316,6.787997439495153,low
8553.308849930272,0.03447825355192184,35.504581135023976,low
6824.88756035638,0.01693630281577468,12.667792352335432,low
5913.983332595706,0.042411150596957804,45.94669507067255,medium
5257.658333926088,0.032960447293517034,35.49351044747121,low
3271.786862664022,0.06165210746728509,74.70836144921927,medium
6316.186636829851,0.01396341165365286,8.415205464012693,low
8971.963711769586,0.03200963053210331,29.589609041038425,low
3625.6350118086257,0.0938044069441467,104.17875785975247,high
8931.138983109793,0.05975783096462781,66.39496799551694,medium
5645.269782720989,0.038962181302485514,42.302136152125875,low
5621.924488759865,0.07482591292853774,80.40427261739093,high
5296.0612505339595,0.055183684830362456,64.49570670474296,medium
9264.557569437035,0.02614099152450751,23.55371781760431,low
9655.595555953209,0.01620337939954706,9.603654230308258,low
5988.206334376646,0.03540761835588122,38.664640919756636,low
6648.185464930507,0.010717225620170997,3.994986894202666,low
4005.0336508971686,0.06074260667417683,70.86445082705455,medium
5979.450179353745,0.06325218414863346,72.828351313805,medium
6200.205068911637,0.07953519366554719,86.60894514531698,high
8203.616652412724,0.03206141869389246,33.202275602413955,low
2547.8341206385303,0.0469032498609418,61.04254935858085,medium
8796.805051721305,0.08894787528264175,98.03330820507466,high
9632.426966075825,0.010131583648201997,2.7887956076959597,low
7954.112792807294,0.01935541174164037,14.387994390649636,low
6473.608667950093,0.03143508350687791,31.8367387271833,low
9977.194525806613,0.07404872272300925,79.13677835383213,high
3197.6997876856617,0.09291469626748958,108.05526539953365,high
7756.351822740096,0.04352427766666727,45.63671475722713,medium
9809.160926261884,0.01764121757648406,12.294209335447574,low
8649.72168920662,0.016734743589688975,11.575503512418344,low
6758.655462169062,0.049148459059148684,56.84064491362814,medium
4457.432041927075,0.03835080238687825,44.07762958347614,medium
8506.126164996214,0.0730653045689388,78.11658470708817,high
4539.669038743408,0.016721869222223178,12.724073584967048,low
4020.3446970942528,0.08019432842219766,87.99534588577963,high
3732.812355248261,0.05194496011929956,64.04627861227623,medium
5548.844139319103,0.05823320941810214,67.36649863375116,medium
4812.307886593784,0.03385071342232374,37.118116988584134,low
3399.3516726654516,0.024185383935896462,24.28180731885789,low
7726.584874278073,0.013629682729779704,7.379442044524989,low
8769.435632409897,0.039501429299631276,40.879691777668235,low
5168.070666282128,0.05621137078408566,65.5779545372413,medium
7578.875327418039,0.03341501134491015,33.94732834016198,low
5532.94169835381,0.05069810524609565,59.46563585156084,medium
8110.5883540653185,0.0324867365399396,30.261436691434866,low
3548.4477945484177,0.011076123085247169,5.184770831686428,low
8727.792489209769,0.09843105137352595,109.5855172956595,high
5291.798078619982,0.06672677937434421,76.64521368316818,medium
7335.137617813763,0.06240914212726569,67.84977765284042,medium
2663.5013705395954,0.015802483244221878,13.224727212496903,low
9268.72061449961,0.049908819145239,54.73186025890501,medium
8720.171329130633,0.03983949021270491,42.51945423130135,medium
2820.222393178231,0.05148954298017467,67.75602291021659,medium
8662.640511492129,0.04554988193997275,49.53501564853129,medium
2721.117197502186,0.07148916250765146,87.22249812715316,high
3903.6333528337127,0.03518690988526515,41.33531889666895,low
9125.678491702196,0.013118449935835533,6.671997681233819,low
4713.288722497873,0.04707929856665486,55.448861392304046,medium
6630.164989029854,0.01548811620395585,10.53283218284366,low
3995.9335499993995,0.08961872646024685,99.51468493961258,high
6443.6054368958485,0.066767894994228,74.18559458305009,medium
9920.527118211503,0.08037241901608826,82.02843819334447,high
5193.3408237817375,0.059006602543064654,62.70066300232848,medium
6267.949416578063,0.044954314711237044,51.08583481148587,medium
3848.619052734019,0.038698981059644165,46.42514499715537,medium
8339.03710996356,0.015273210725030668,10.331655821841542,low
9936.48492572928,0.05764890627688885,60.93141227694852,medium
9804.848963001266,0.019012090357446183,12.175324744140932,low
7426.483160321757,0.03398743009591148,35.5431637032889,low
2919.314918893373,0.09967528436558115,106.0735385257261,high
4145.586895329437,0.08618545814186199,94.92169102694834,high
8794.16689229432,0.08606988121296527,89.81734216245137,high
3820.7527568499254,0.06332675582632714,75.99253678528498,medium
9354.850030964008,0.012538591275444317,5.722183950975406,low
7754.206025135637,0.09528028615630137,97.42837992168346,high
3911.752486789422,0.09892055893641788,105.19726855075706,high
9112.197699233202,0.05430040515058648,56.76951985377418,medium
3176.9303263817715,0.03093610222749152,36.40716881711882,low
4141.06706268683,0.05738036627336599,73.03447281639124,medium
4010.9828751410587,0.021744059105726434,20.69489691583307,low
7877.032245181121,0.09269027085764854,99.97780251121537,high
2664.346721826792,0.06279482575820886,76.29957823513577,medium
9379.18110610839,0.07969298489379027,88.41328462617452,high
9704.190627068183,0.043623170207503593,41.79775035980053,low
9564.424101010312,0.045603600611846894,47.53909227620246,medium
3523.3875164311753,0.024175349741516125,25.071846543263025,low
9615.201490197425,0.08126582724998846,91.01549819697688,high
3806.5200321664797,0.0971868606699851,104.67163183555776,high
7701.702987194072,0.09359606880868829,99.74354116538566,high
6917.126168373277,0.02578164669911987,23.700828214600413,low
4801.174219734685,0.07196485956390615,81.63162790374965,high
9615.910781659659,0.09538283438649127,106.93404566560808,high
5437.010704582015,0.09948548174928676,102.68840026672716,high
7017.915005882284,0.09289343947762715,97.67721422506293,high
9756.487642119515,0.029880572539331088,25.346549760348008,low
3554.8252611142625,0.07708089952917842,85.9535877395259,high
4284.969438620477,0.09841416894463212,107.51329553292975,high
3165.4450942759477,0.07380692318307021,91.64573711121567,high
7293.270159286592,0.08979881636960396,92.96153341310531,high
4371.556473514591,0.01610153020578104,12.342861206233689,low
4424.934561570361,0.019723114109316636,17.970949449500893,low
7994.383708740765,0.09721916425951167,103.32688298029079,high
9134.139981904205,0.054377379412646296,55.979520717907405,medium
3260.714197278412,0.05315403253574445,68.69769187121837,medium
8980.380403514326,0.06858726068021297,72.79524077456757,medium
3052.8204217103066,0.08611862356221044,97.5734115898522,high
4711.8145983709765,0.03868452171609918,44.83159453976745,medium
3775.7890236339304,0.04379120956719968,53.34136777156676,medium
7989.888139534876,0.05923416327510084,64.86983353273045,medium
6955.229080390712,0.06522802532010046,70.55789438851626,medium
6120.525898663586,0.012789388364695748,7.166314974417074,low
9173.149528030328,0.024139339959770568,20.352709616778114,low
3259.4335823000174,0.028499542904614344,32.010689548673874,low
7915.285784317567,0.0756976605103261,84.64136629249857,high
4489.485770124824,0.035337076610073875,39.92953851327461,low
6788.273558933061,0.0855869054361086,91.50733343903931,high
3651.9245088755065,0.04247460291045458,50.65584951580117,medium
7465.151695074007,0.0640193975212392,70.30708165528954,medium
3997.5610057070976,0.012316212345851717,6.934812999150127,low
3114.5207103474427,0.0859392166912243,100.91192357304229,high
4812.65050088297,0.04577206136573107,51.84536967200745,medium
3183.5265816300944,0.05897134262977124,72.92350816138989,medium
3886.6091540653542,0.0896943423474585,96.3616151217794,high
4474.7197501216315,0.05185521605391855,64.16481252975552,medium
4196.817102120001,0.03417057939456547,40.44723170730522,low
7506.013443509263,0.01771365806559254,13.440711316832388,low
5078.43539909535,0.058730410540542,69.66320948271569,medium
6652.014296184317,0.08567174497872254,89.98118280820037,high
8638.039111490301,0.047676886744100554,47.65618390602968,medium
6061.1829109144,0.08934884824758606,92.39336286874348,high
6071.967108111015,0.017105954479667486,13.467548610119753,low
6265.761027367036,0.09104095553244326,92.76465274413191,high
8503.377525405143,0.07097813970184273,75.2476281851328,medium
8178.915667293951,0.025559107552584504,22.740259070142105,low
9882.759926868497,0.09749483905039813,106.68179250067102,high
5675.311744866996,0.09894519427032242,100.31192165665036,high
5765.449341493804,0.09975423041008981,98.56912122893073,high
4434.147699908324,0.09197240371584349,93.86267792016649,high
9356.3045267394,0.01603107577437512,10.093441417445588,low
4945.95104027302,0.03485807379165244,39.26680069578055,low
5936.178858419614,0.08861196280354815,93.76540931508781,high
6419.215078373569,0.04776344508027058,52.12074900985451,medium
5608.31799076734,0.023337976716410018,20.849930498066605,low
9547.374887403323,0.09324353500833461,98.167361826024,high
6720.128196079919,0.01908913985429038,15.239372541012036,low
5079.018839330984,0.04698010335692985,57.414613536521955,medium
5372.826046577897,0.053702631305769764,61.94911975297756,medium
4565.606065260654,0.02294674035640064,21.875871415169907,low
7064.914480642203,0.07242951278503829,82.79820650623309,high
4986.20556800703,0.031382136452467645,34.05685504257754,low
8093.123648793521,0.09287514846155488,99.40888459253533,high
8630.394439789581,0.0372749458103287,37.34022816828241,low
4602.599898884811,0.05424572920233854,64.12232681484456,medium
9016.75018824399,0.022094696887159645,17.80076772233889,low
9806.645684524829,0.0498799551998286,51.98584833494369,medium
5625.795457790371,0.06809993302848799,73.04826218735748,medium
3909.517681694586,0.02902514518953079,32.19282990597382,low
8196.199714196926,0.08804700734952031,89.85810823215246,high
8657.630442988451,0.05637427323486013,61.21859210372073,medium
6300.964564274165,0.02220848389153538,20.2371181528861,low
8884.71505740394,0.08913993322238704,97.53334281403016,high
8746.974498074134,0.08532790098478256,91.79230214158892,high
4371.176959932095,0.05108038004152726,64.78844446105862,medium
4554.831238557692,0.08411556625202046,88.34419093927546,high
6288.447812028729,0.06718688281682596,73.80759657792082,medium
5293.500711514804,0.06346392341069362,71.20614497339724,medium
3831.877706228963,0.08834326947266166,95.26614011010959,high
3726.3521088838816,0.09050427282809759,98.63782058481011,high
8117.208508637,0.07199654838543589,76.78736185887746,high
3721.8055419896536,0.061503225491827074,75.56133723544004,medium
9736.882069016912,0.08714000686944721,91.52470063000148,high
4518.126844517178,0.046855647684598795,54.38976334975957,medium
2650.392681246433,0.08022732978345791,95.32091506007599,high
9336.365785392787,0.06826343987575217,72.4618574138532,medium
7008.564628709003,0.010761735440338418,4.1452264694630845,low
4790.947737884176,0.09703219990315391,105.79993015269116,high
7320.552334676229,0.04814261205936572,52.318211899045494,medium
4389.990319584071,0.05200282139474942,64.23936852043946,medium
7578.97117290485,0.08418797393235973,88.68650718767687,high
6336.352881012263,0.06961199072736271,76.26283670836494,medium
8824.629625643329,0.04368067868449644,44.18213632640137,medium
4738.569446899731,0.019729407752725914,16.692220817399175,low
2978.7779042283246,0.09895248692395905,107.72760061331347,high
4458.601809448726,0.07399843980146126,78.25686486489633,high
9192.803482606996,0.03689120007270878,37.415440611565074,low
9247.652835591212,0.08248868403701769,92.25056914080395,high
8517.728083396087,0.06400299710310145,67.00721263686164,medium
7909.62398194458,0.06898605134161975,71.41872963222048,medium
9981.018246837219,0.03334836454407901,30.288752204773477,low
2764.892536198182,0.0737262063438284,89.69857865274,high
6790.318255276309,0.027092364437021565,25.97130104853476,low
6509.763261581598,0.08064073497665053,84.05358716492175,high
9298.94879128791,0.0704681628366168,70.8702893621352,medium
8804.790209473,0.08888453059078995,95.09231563085439,high
3858.5189335300056,0.01878427574314384,16.69982933820915,low
8562.579018568525,0.07866263964873722,85.6682600177257,high
3873.0126775944627,0.07117411323609354,81.22052565369046,high
5164.6254708987435,0.07697889364085272,83.33680834844321,high
4803.139534991564,0.08092813931268394,85.59894032815426,high
4705.3834123775705,0.08660924993902692,93.75013536509269,high
6029.024257530102,0.08797540327232857,86.61143636024457,high
3034.118030530569,0.09004834553233491,99.35785171652402,high
6253.580308695283,0.0880747979228407,90.9043161246931,high
2905.464779819313,0.08688157933630095,102.36294505282659,high
3530.2394437984294,0.028026693171562915,29.45508635430618,low
9299.657008795957,0.05118142897553872,54.8848547011089,medium
4872.875932365317,0.07441016104990325,81.2706241998685,high
7232.745791970214,0.025914183990711465,23.319878988331673,low
7258.742268645033,0.010424215128159447,3.6192864482913603,low
3764.5431743718073,0.07880353625311821,93.64333598581945,high
6171.828179725123,0.07872122503949494,86.98490524817178,high
7251.1565552694565,0.046305413235815544,52.17464463238478,medium
9739.958800975248,0.04449847780481147,45.840584393193204,medium
5298.260540705283,0.011266940685216892,5.133498144156301,low
4916.598503860518,0.08499057999099077,90.99126730481527,high
7200.151965037169,0.03239408105882938,34.11458083825952,low
7701.435603777979,0.04099147966569888,44.319976111184765,medium
6915.030161260539,0.025031816854147845,23.700136160564504,low
8678.828722558079,0.03683820281447249,36.41433996472104,low
6972.774389616267,0.04040516360871397,45.682612094066286,medium
9159.805328777813,0.09959251688451357,103.62918131408072,high
5194.381647749743,0.026958343050178253,28.597364789761038,low
9610.632652802069,0.09263848679572902,98.44592384432885,high
7953.76621102241,0.02180851987754643,18.52177599707419,low
8005.574644836407,0.06307235513193175,69.0769398091949,medium
7379.0528509091855,0.013362708492333574,7.708060275699876,low
9074.081031996073,0.03302102565327636,31.3424133935765,low
9960.101752427985,0.06957729242541053,73.77957490688276,medium
7401.757138005644,0.011776758986273065,5.352194628086058,low
5351.903221957109,0.059255414625603305,65.21712433035867,medium
6057.9725374580285,0.023781438831199275,21.788450665283577,low
4758.373410675942,0.06954981184816499,73.99568779262214,medium
7468.622244166726,0.034297943458347024,34.518992028230585,low
8729.895403531675,0.019442281321008725,14.707900228761144,low
7890.746683871259,0.02059611115935154,16.942497078427586,low
3989.8499627971164,0.027977444753172265,30.14119474804284,low
4472.454367102989,0.057083149683332265,68.17527055950663,medium
4715.134007504597,0.01354651368657118,8.827374658448642,low
6222.660350260695,0.02869245858444535,29.387413844630096,low
2520.5349929304452,0.07044698192186843,85.15472328368782,high
9301.600332023441,0.08517089487369171,90.83540809269799,high
3175.6200518194337,0.0560534812268193,68.9012501032987,medium
7926.727126738592,0.019116143073366162,14.816636489703296,low
9914.994480682031,0.03664199608393946,35.92841603323736,low
5982.080179271113,0.018982802355185575,15.633494292769795,low
4679.253829282596,0.08214364924214027,88.83790493927614,high
4845.303302220732,0.07646861762129586,86.07324943092478,high
2844.168153200614,0.08667988525670393,103.59850175658744,high
7475.16270618133,0.025346104872073782,22.749535165206826,low
7163.552749993804,0.08906279836577263,96.61665221283953,high
3197.1348657806675,0.08334678605828467,97.0841966522565,high
9717.324476123154,0.03446497816751711,33.64250595361177,low
5392.866173194857,0.08656044202329256,91.91031427118665,high
8476.82167776555,0.020175090073988152,15.25608340895175,low
7721.2740514284615,0.015278175609865965,10.093498750616682,low
5620.207874731725,0.06316752726913047,69.85685296806759,medium
8516.98588033822,0.0710553822624285,77.10064225850958,high
5189.491861203225,0.01259346066140994,7.167220946424868,low
7633.481000361046,0.08546828288924006,92.42400789823454,high
9402.984892285771,0.02016437314363907,15.378320176207698,low
5584.631978013807,0.014137509284170301,9.020913063904173,low
7784.261323604673,0.0710136028918148,78.37601238347118,high
8256.465387174328,0.061898410731104164,61.608117105094216,medium
7523.832686607366,0.04044705775915809,41.54940358183427,low
6423.273814185055,0.07305221658677989,81.66112074744565,high
4364.327461380307,0.04111745387117533,49.666326469794654,medium
7572.216762680809,0.044638895566604296,49.36645024088457,medium
9908.437185711078,0.014910950370490828,8.490271027315803,low
7325.490374176097,0.02412346359715671,22.455113927505767,low
9020.61725959576,0.01673787182292863,10.793306982088811,low
6187.35970858301,0.031680263502750806,33.09785439300499,low
4170.298923765993,0.06789855833409267,77.59340046923859,high
5524.577450962921,0.031149999999215847,30.993507219401582,low
5860.739392490304,0.08709303017602155,92.71891702241454,high
5853.010899353485,0.020683616684826957,17.190578262370334,low
3269.8249111011432,0.047110469290799456,59.61804612840208,medium
6678.482585536249,0.01001527439305028,3.423960281934412,low
7142.996153097867,0.03741381622932837,40.32070862873644,low
6312.5330523959865,0.028616612396490854,27.510743980257466,low
5225.068581773582,0.014884769197501107,9.526011633099417,low
4171.885857972359,0.0509013984343226,60.155272484862294,medium
6048.502608201917,0.06914504857880256,74.17707542819815,medium
7869.351252123664,0.020262102252016446,16.361578855487963,low
5060.17835932629,0.0846895497070961,87.02652470047705,high
9733.25262590755,0.03627852074274534,33.31845056981013,low
2843.335823912757,0.024773983093485177,26.065841082545372,low
3553.3689049168665,0.07451705013830945,85.85155789899763,high
7081.388246040128,0.026878906047844306,25.179109602325358,low
9476.62194364859,0.045360684092365613,44.0801419735362,medium
7875.909358520073,0.019698917255874283,15.825731102511181,low
5608.527588462477,0.09339638774835797,98.85189624677788,high
8291.088802279217,0.05054541372630677,52.86947725885213,medium
7438.42521250152,0.0960571289463176,103.79115791673226,high
6477.732606393132,0.014371444506871469,9.346394005026552,low
9514.812106237394,0.08549344996110249,88.80172334615483,high
9408.717355328508,0.0259482194651931,22.64328821349745,low
6839.157892781324,0.07574451955685,82.93111146738605,high
7004.0951635405845,0.08944262772028103,96.51701616073407,high
6280.825895148733,0.04461963748693337,53.61746313745714,medium
8217.809921963446,0.03462362919605001,34.277301993755025,low
9726.951532598145,0.09734424849208906,104.08704121419892,high
5595.591046057145,0.07300128564074126,79.30764711241014,high
8113.20149408437,0.036902182145988185,36.94716282556279,low
7839.057672963588,0.09419608697162822,94.33276748719864,high
7244.374633804479,0.028080017409280997,26.519239774906943,low
5089.701856739358,0.07051363417461853,75.613586513824,medium
9860.016221761503,0.06850777490262802,75.24410299366615,medium
7707.339802954947,0.03901432576724697,40.477198865281366,low
3365.5393921271907,0.04170140222165897,49.237657128838926,medium
7503.679285391623,0.04757301398129697,52.58131476822226,medium
8109.015425324402,0.08572503721752206,90.33868769530807,high
8562.28584495022,0.057045698758828214,64.68220173208506,medium
2689.5410594085406,0.0230794040469516,23.533847368152987,low
8126.387640025403,0.0244841854908907,21.255762801642923,low
4649.616611193324,0.03255049067123647,36.53665461502227,low
4713.554244712044,0.07782345532406486,81.03729023826928,high
2742.2978743174535,0.08326235957990219,102.58760636455156,high
8046.193601296375,0.08783573366841424,97.0703441307853,high
8068.095519046454,0.060514349751172966,65.69155470983746,medium
8491.163143671778,0.035887478905649826,37.76042157833671,low
7483.701764437176,0.09338363300519016,93.15964615014174,high
9818.670415420947,0.03813885828051708,38.91162787225238,low
6640.934481497977,0.011166871390717448,4.745929368252395,low
8356.93669656914,0.08831062830892016,98.33726849469349,high
8724.876114663584,0.09203377393663648,97.47233440577759,high
8163.307789064124,0.059195362303111725,61.29308700943496,medium
7025.402329664812,0.0798532070610099,87.30678288809213,high
3830.694238661974,0.07143929665313817,81.70675276964144,high
3902.3243614924277,0.025641561866977462,25.746234889038867,low
5713.808608005507,0.060093875853579976,67.32631729122285,medium
3475.498975865292,0.06255874519155381,75.1295627918505,medium
7822.669722372356,0.023932512801845763,21.697501604892896,low
3652.7753767722234,0.0390367026904168,49.791055614880804,medium
7117.065070744975,0.06957011898684452,76.87592645328559,high
6179.132058652574,0.06154092914994371,66.0700664652902,medium
4883.942540291421,0.029796581388480174,32.71953903808742,low
3879.0182315151924,0.01613588221939833,12.12617686833558,low
6527.769644004315,0.018275099854515982,14.346125421583256,low
4158.985608260896,0.029201842916757634,31.019411234378758,low
4138.339643383861,0.07773901205990652,88.7761990526134,high
6478.741717051184,0.0996967974343905,107.54535656305417,high
2566.0277222127806,0.0702044621194948,79.20854061739169,high
5842.504347135193,0.0914046812638923,92.29118404093254,high
9691.7261205545,0.07142962246916752,74.07740759445714,medium
4907.02757880311,0.0924339187268808,98.51994926509197,high
6551.779847069211,0.035454609485145776,37.14466741137124,low
9335.019449714637,0.08398981578159696,86.84576089329944,high
5841.676731787886,0.013946649481945158,9.036583255998007,low
9237.1120667939,0.02732611491403094,22.622150608322944,low
3755.461069101212,0.09606485858260592,104.37281377497756,high
6534.811232231883,0.010659752759516061,4.353941690035989,low
8301.866997769575,0.08784557701413681,95.5437653957297,high
5681.570889558554,0.019353412825630315,15.490491543348723,low
9821.679410042709,0.07976860664167551,84.74000736885985,high
7349.20869488759,0.09457760003574822,99.81340178311542,high
5944.189264450312,0.03985438379205591,43.48184486954928,medium
3156.4067345064896,0.014884126380229694,11.050623413867497,low
6812.217206970937,0.030488107144749102,29.452550658483652,low
4439.859692433817,0.04492293432802937,52.63439360501372,medium
2626.6822622810596,0.07059688590949416,83.85219571028102,high
6511.257775457516,0.06772804718334757,71.0500256090753,medium
6892.060099850419,0.07307938282447018,76.01631895246723,medium
3044.420835992328,0.09352429751497005,110.78830038304827,high
4760.1303238365335,0.017785469929401346,14.94823963187162,low
8239.55680765347,0.049390853452140254,51.607186991355704,medium
6054.907580259636,0.05801209874293146,67.01053553337697,medium
3522.860952471601,0.04518933088860913,56.75885675239735,medium
9701.006988103258,0.022966798371263482,18.0183256880525,low
7579.667841287969,0.09227520247461561,99.12324408856337,high
5298.47886175243,0.09545185931774615,93.68583208747347,high
6651.431408232092,0.05995627710762358,66.5114813819987,medium
6974.911655899977,0.0583436843699015,64.60108796186101,medium
9602.345419216537,0.037422203711455757,36.46394943364164,low
5078.887373864852,0.04713890464236232,52.022873238545344,medium
7344.486276700656,0.056129742509282834,62.537532980892486,medium
8760.612751510465,0.02748935938116929,25.434353726691814,low
3860.1848858023754,0.08196940482449783,94.86186943064739,high
9492.773990523614,0.09948817453828901,102.75872221125397,high
5959.489027671954,0.059469814871125015,66.48546847071137,medium
3236.5180103527896,0.07530303316007263,89.02400361870818,high
6153.928076003114,0.039776583851445106,45.1995978439955,medium
3250.337929565672,0.06575641994388996,81.44249514121925,high
9250.889431321913,0.03860073435103529,36.85881873547357,low
4792.566170550405,0.06257529395606776,71.9011785995053,medium
6741.640059288324,0.04280440921107664,46.55857447858119,medium
2536.2391199850354,0.032155762469093574,39.0887248262846,low
4161.442781548898,0.07658345943447552,80.98739250925033,high
3507.2937428716664,0.07596755161762733,89.57165554492758,high
9084.143721309712,0.05165635384680493,53.74538520112652,medium
6637.538696201479,0.02581931448057028,24.947459767934877,low
7049.707495531459,0.08576136958044346,91.90479182384962,high
6539.635278085168,0.0336911185534225,34.70628443695384,low
9147.518740591717,0.016881614070149386,11.523571020021691,low
6303.837334641805,0.01280748079074782,7.049716269499319,low
6864.178678704469,0.04646210207960027,49.018577509691355,medium
6636.954988946188,0.05891223915263068,63.11091630876595,medium
9990.461312588888,0.05248935557046334,54.382827228282146,medium
4174.799857182663,0.07949303592044166,85.55728954802719,high
7999.2012040967575,0.036189924419293654,35.547098975115105,low
5475.888682372806,0.05519505426997879,63.995201381371366,medium
7470.088670340225,0.086318365609348,93.07668279209898,high
3743.8266402411873,0.0562723012464744,65.90282345826121,medium
5846.653328792513,0.026123066551775875,26.53244182533799,low
9758.016698781346,0.07623278279513421,80.49031286030583,high
6126.275617955732,0.04229159849612254,47.659471547615084,medium
2971.458710601019,0.0432491666902727,56.190135393462754,medium
2821.0633062898514,0.028609666724575093,32.91294888542614,low
6022.556717576567,0.05091791048153996,57.958646074926904,medium
2848.280931258836,0.09825308038567922,109.64978866200144,high
6410.29678100163,0.08466824400882854,93.32190452181311,high
8761.54199663045,0.03369844624457381,32.226517000770755,low
7402.564848504132,0.0428767100191943,46.082466321045224,medium
7400.024099176374,0.08519221609089801,87.96914524614797,high
9304.318198351148,0.05647346039508133,59.45814189584886,medium
5146.735058197943,0.08809474796841225,88.6930660956015,high
7031.582352142652,0.05516532860236677,61.49482057622523,medium
3542.2623030784744,0.024904524018609292,26.755047850967618,low
4086.3782810181606,0.026821510822789087,28.625028251812026,low
5216.672081613183,0.07455724376086859,81.63915188904092,high
8583.7947202972,0.07482300929874541,81.34147841011895,high
6111.374870421147,0.0530933178448074,60.970636869781856,medium
8750.237472964407,0.012020143433886223,5.603158099965324,low
2823.5824850137406,0.06161378602170415,78.06241591118228,high
2793.9314892961265,0.061504236930741814,79.07503746823609,high
2919.3400312033314,0.03324336814150377,40.3872132339706,low
6995.181420961972,0.06072442321021888,71.30761774052479,medium
2639.6502672792767,0.07475925695536799,88.76107553219154,high
3143.113770518084,0.05042830254575111,63.30696539451555,medium
9945.81867780984,0.0880572159092885,97.85181913561685,high
7006.290358084,0.08151544632344061,91.13738930887429,high
8653.39885097873,0.02636957366830897,23.357167787794594,low
7931.400985583169,0.04084041471042987,42.07900298252899,low
5901.026088550689,0.06315363918390766,70.30214644781267,medium
3314.2758542613665,0.028211369417935762,31.88496053056277,low
8946.937690079541,0.05539235734636415,58.04298983423426,medium
3222.2393254240333,0.05282822669405297,67.29511989076856,medium
7110.611271102752,0.013513290725631542,7.8442230635690935,low
3381.3730493107787,0.05340168416012329,64.55467149886638,medium
3477.4663058287324,0.06431271857422395,79.12715542320893,high
8311.528173008524,0.06843085615958805,69.33113457225538,medium
6415.331722461657,0.043333970522390214,50.06174102757777,medium
4221.146922842876,0.08220701764070325,91.15537997837853,high
8421.66688863216,0.044311284657914965,44.74051551681397,medium
8211.544202856188,0.07270368428417201,75.95511078149278,medium
3232.8768126008695,0.022049479506214123,21.27694733146057,low
8942.899354760586,0.03549400012080603,34.978465435851206,low
9075.747348949184,0.04677820342184937,49.66146181401378,medium
8420.668617288437,0.06201884312204017,69.5625867409347,medium
3383.714529858633,0.010647464720552332,4.307244432122086,low
4869.26285971953,0.042604281079713174,47.743436445224866,medium
3660.839354213602,0.06864183413001386,80.11128771148012,high
5676.7116057502235,0.04290796849928246,51.70085259373547,medium
4566.704071599916,0.07125451345571036,79.31588341218291,high
8378.413127226531,0.05342209813061926,55.83910155444507,medium
5276.597266593602,0.05994202206684958,67.79208215991859,medium
5082.6722816114025,0.07349451471739767,81.51728402182583,high
8018.36822953458,0.08694990305412373,90.24959517989146,high
5849.461580614145,0.07293802980655481,75.51572017544262,medium
3713.463382811022,0.02930123273842721,31.428329810551098,low
6629.321609476136,0.07273516678520144,79.68933226511793,high
7800.924501496524,0.024466420821989552,21.903725519305613,low
3183.1643817902805,0.023079559225217837,23.330894613034257,low
9443.963408483869,0.04918396910974877,52.1861052859641,medium
3100.29802521852,0.013397980445657105,8.769258362709927,low
5382.4450781951655,0.0986003290568146,98.3038702371678,high
7837.043737817359,0.06377253074326868,67.3383472019271,medium
9592.868933842059,0.08382058609853985,88.37315413080745,high
4012.8043210451096,0.06911958004361586,77.4138305939234,high
8529.324318365378,0.03574058605378259,37.06521935829424,low
6368.602236646213,0.030850387553625548,31.752259100386812,low
3771.1216885982662,0.013245501982991391,8.280809817510649,low
3680.8357063779313,0.09971354294444858,108.88151640834835,high
8347.54659232313,0.041781489702087525,42.19952974751974,low
6383.070257419711,0.07632329861317555,83.82350100149837,high
3014.628789527942,0.018114927183563546,15.72290000654622,low
9362.567304611155,0.04132857234234183,43.90321012549379,medium
9724.657487991166,0.034885706382741,32.72701310901045,low
9472.853806090901,0.06174160495712333,64.54566819227722,medium
4458.306292539543,0.046642116349648155,56.7634200434337,medium
4706.888683510901,0.09523139186598964,99.98081114693811,high
8522.06681929268,0.09610384146267477,106.82815820952673,high
6811.704090804317,0.07247726753241701,75.13005402238498,medium
9745.415917248294,0.06068517434244372,64.28031269027949,medium
9709.290439762108,0.05129635864007116,50.549205765924405,medium
5955.403310983842,0.06281438654349816,70.71151625009145,medium
3006.656954959402,0.06702956178023697,81.21161045034908,high
9956.485250241067,0.070922167845859,75.73462701734799,medium
9665.842653425201,0.05648537954843545,60.71887354968127,medium
2572.923937858187,0.08489593404309058,100.26162909060025,high
7552.734375863603,0.08389672205432772,90.56509281209314,high
3070.216154002668,0.09382566158520965,103.58240684317362,high
9207.37189652655,0.034216820422191915,33.11888601984258,low
9603.385817976086,0.07147965776713917,78.51999178260057,high
3997.499043207319,0.07618861587185477,84.19925597173531,high
9045.568738062235,0.02861007690898089,26.328270007614147,low
7139.476743863562,0.024039601162854307,22.201588988459374,low
3300.1696757904338,0.09281693165796906,102.31280245927695,high
7103.702314568143,0.07878197913719744,80.86921177887754,high
6561.054659522684,0.013803681405789798,7.971258662053765,low
6192.55283278159,0.09868251963920037,102.75962444567025,high
9227.498298949713,0.08818919520620981,86.70409398931494,high
9370.05122254418,0.03522399608648684,34.22270450962312,low
4165.6958730986,0.06189986677126688,76.07122772256292,medium
6087.400574590326,0.058669115103264446,66.98635995242223,medium
6268.564090912544,0.04543452305671582,51.04248461295221,medium
9823.803964277813,0.07284201112865256,76.40624323773835,medium
5950.529425348225,0.0720289494153684,79.5829717718744,high
6857.5616423458505,0.03928925799238838,42.365879368079064,medium
7095.835722713286,0.03337306921812683,33.425530601004596,low
6035.090235538416,0.06517756388246031,71.27836862674802,medium
5244.431133414451,0.05488930149491772,64.27925600864491,medium
5292.32220901612,0.08688934785167376,95.02218095368754,high
4597.22148910513,0.02619003058542963,27.326138290624822,low
4214.250621247515,0.018988276681850783,16.996960640067464,low
4524.618301769025,0.03122246555969569,33.01990696638475,low
3593.8280150315227,0.09632331286720024,107.42936168476905,high
3621.610429491122,0.08251015254018311,94.66584811246814,high
9966.713277247012,0.08644509238569945,96.38005025572546,high
6377.552311903755,0.07485042965721675,80.91182187525452,high
6716.038390537834,0.06110510672847806,65.72272266112022,medium
5488.014263974957,0.07214888583645798,82.22257097349248,high
6074.045682641028,0.0666875991125939,74.5761661489479,medium
5873.911142978439,0.040119088466310654,43.600742371358685,medium
9488.834318333262,0.033194334290717734,32.34650078957868,low
2648.7650021032,0.02091137402950334,21.503640784641533,low
3992.185829776549,0.06183050117260139,68.72810844464868,medium
7368.482139246813,0.02570849521565126,23.897774655154414,low
7548.946301105126,0.053874436987392554,57.67722837233276,medium
8023.946235716163,0.09006692042243984,94.22608871230732,high
7237.841428626017,0.02303635044502607,20.677874626236736,low
3756.8165161040038,0.08269454295613617,90.71621749700672,high
6787.281804053451,0.08640106947449278,94.72200435061161,high
3035.0805863241803,0.024579954005228683,25.85048433833895,low
4685.172645958149,0.03407251517835742,38.769869086422055,low
7334.832198663912,0.03441232912162141,33.28003499308227,low
5223.736301878215,0.06282277961734095,71.77435508525075,medium
9741.44524616871,0.04725901547863059,48.46192133804479,medium
7958.293123243033,0.06958202930277757,75.29993633611474,medium
9553.280030034966,0.07306272355822158,79.29475651581865,high
3272.5698554266455,0.01574131596320442,12.293954091436788,low
9090.182323373061,0.05935903694364645,64.96922541444307,medium
8237.472791001968,0.017492608125161797,12.662622626807334,low
4468.391981987404,0.02397469258001457,22.725956855574054,low
4820.27990162499,0.03226568673836731,33.21433247685094,low
4631.314600435668,0.06638326161635708,77.70689679886145,high
2714.2846976493465,0.06971942217734242,88.22981927906758,high
8952.766130600445,0.03926811849908309,36.39748945153533,low
6554.381210442123,0.034517298485108275,36.695118763175714,low
5836.336992780579,0.09725880380990916,99.90796424836543,high
6981.881491274205,0.06679427703769537,71.32646212027278,medium
7268.883523193767,0.06075860380491588,63.675502735675146,medium
4822.459960854974,0.041245147014771784,47.47833623934963,medium
6547.510916020447,0.08242369896218077,85.20042506152402,high
4448.552829532933,0.03732156240157801,43.26393689960219,medium
2500.6925979619605,0.08338418102447993,100.64794161115813,high
6018.984664330196,0.010748539953673598,4.124298793990658,low
9415.662968080396,0.0952261760681312,102.51278330038157,high
5728.264849519252,0.0363630351702149,39.72986813919975,low
4234.115451393689,0.01064961865051908,4.231619876958288,low
6704.157689797116,0.045527687165816504,51.99532136210262,medium
3724.521214977166,0.07634060686930397,85.11041159712093,high
4472.352065846868,0.04800154444783235,59.26562105008597,medium
4296.713612039204,0.07880844646689532,90.91819667410924,high
7634.802177838895,0.03562091692061077,35.44882751306262,low
8071.9516909836375,0.08279277841891335,84.03223412612998,high
3868.053842519821,0.036063576936215695,43.2182322416999,medium
7276.6953216126,0.06559564725122638,70.8322694306238,medium
3908.4208190800837,0.011745585752229672,6.308670356120442,low
2872.2405416732395,0.058147367775378975,73.22238826544115,medium
4518.963496668592,0.07436763479901476,83.17641711594561,high
7953.303028356512,0.030952944816035992,30.734227719153832,low
5064.346404014697,0.038041901668274994,44.06177258851528,medium
8495.967639520526,0.09981671015490397,101.19489600784522,high
4976.864852768727,0.08591916693412707,91.10240924815189,high
9637.33031299456,0.015043450996170354,9.038383023397685,low
6026.100824490398,0.027297306363380756,26.63435232635132,low
8811.544659551948,0.08355256515996133,90.22879026446549,high
8261.092531383923,0.03240661244565107,31.260021381786107,low
8284.189997705009,0.04986648479286281,53.97236936999394,medium
5956.259764842099,0.07938963710111697,83.93736930268915,high
6408.543400429629,0.09839042662650527,97.74123298662893,high
4840.820241880523,0.03907568696346156,45.00817435143484,medium
7218.731905980245,0.013796732403525795,8.406671222547454,low
4399.845552513167,0.06746680108378214,75.47649288148952,medium
3990.4272385179984,0.08987676184391882,99.55840220939707,high
3346.9634448717816,0.06696180693115703,78.49045853823463,high
4933.851157225727,0.025062432076745748,24.615502826228454,low
8418.578351461663,0.010803687030040794,4.1019042797997844,low
2814.9502676582156,0.08051277162259539,91.06174832077949,high
5285.489974774253,0.0180531912474707,14.692016100774977,low
3682.7384214803133,0.01822613970737917,14.90941064070464,low
9977.298272376516,0.06626190971884661,66.79179741956506,medium
2948.3134870706685,0.06801174069831266,80.84538315009257,high
3443.705932489198,0.03094071677704572,33.154456916620745,low
9862.567832228751,0.08097056432081862,87.26902210339095,high
5790.391735724481,0.02736687691451426,25.749949904430636,low
7669.374852130316,0.042235074752538834,47.01968073981197,medium
6139.765998718849,0.049375000374855336,59.73153073895338,medium
4710.3594733067275,0.07273339974960893,80.53806329843444,high
5107.485092636991,0.07591621691104415,82.98002194315976,high
4564.9334714372735,0.08482146340520079,93.97871818078808,high
3016.5743752086955,0.02395229302677943,24.333644960488826,low
4717.544959080511,0.03370143420058888,37.18358732980483,low
7285.19546832653,0.04411392126999197,48.15915946398098,medium
3891.5071757286246,0.011684787092924968,6.160806411728859,low
4290.899186620159,0.07489032064155308,80.0919502721802,high
7437.17063034865,0.05850608694340644,62.30114997348292,medium
6231.618696771604,0.05963210265242931,68.10173561118937,medium
7097.794317628951,0.03903400359215146,41.27144884447711,low
6424.004043949266,0.016001185878663907,11.200647860014469,low
8763.950184237186,0.021679683969002148,17.909723536921906,low
6140.277154275214,0.018887822798367905,15.147700753155576,low
6782.591360160242,0.08526695739458422,88.52408767063618,high
7759.855161810344,0.033034467730058026,31.996292171017267,low
5247.655150707222,0.0645358261809205,76.27409157483291,medium
4065.535701201261,0.054226495128544674,67.79101899322661,medium
9173.254938725999,0.017196112290958483,11.885119831297327,low
6685.149171025163,0.09444194719298746,97.96568860525073,high
5619.649020323148,0.04321617857726262,48.62002382331043,medium
4493.617258724989,0.013658783704690857,8.208206025117436,low
3027.9109720768306,0.037351409398124986,48.48028730081896,medium
3228.394376182469,0.075265473952827,85.77442991494773,high
6487.457885518545,0.027051437179600818,25.650997237448763,low
7189.93790154364,0.026100810246602546,24.33186275701227,low
8118.957684830293,0.047366614022476626,52.79474125598128,medium
5184.725244035528,0.0512848533185537,62.166628442247806,medium
7489.317660801577,0.08945416174359035,95.79202212898616,high
5511.678802111714,0.04037615835054121,46.28546490845506,medium
3686.3234192449863,0.09985902148479534,106.05500789640502,high
4863.66247106798,0.09923166915563143,102.82576894930851,high
4934.905814650692,0.04345475611918342,50.83565349639094,medium
7944.007627113773,0.06475720332313352,67.69183943105186,medium
6723.585271032131,0.029253532243934836,29.20161495841257,low
4405.66845387268,0.0965486598068201,95.05395633667162,high
5856.2484174868705,0.04573815055204635,51.79694694823593,medium
6968.2211996783935,0.056584842295629635,57.46199692354909,medium
9950.590071659044,0.03716574885391589,35.52111649209853,low
8917.903191311547,0.01195312343118396,5.506307071516776,low
8664.54941835336,0.07207472655184843,76.72771951581119,medium
6672.423141300764,0.09333302051905591,101.58110988775915,high
3660.360896640669,0.013396267007539285,8.44912298532982,low
5253.121697695479,0.06239401357238831,70.85656120710104,medium
4247.456114156757,0.08299668131043925,93.14890815969501,high
9384.113525083509,0.0760839358489822,82.8230523973414,high
7926.853950583863,0.0813613774882852,89.22137295865329,high
7671.963257874244,0.06186092155990283,70.52894285566819,medium
9307.417316103209,0.06357080823036221,66.51883749317064,medium
6822.12772117254,0.01706296563305685,13.190568478979952,low
2919.4203161748956,0.07938113533031246,90.31850046505937,high
5623.912844634395,0.08810479872560983,96.36098008965179,high
9023.398855909149,0.030404590422593643,27.752523549636305,low
2585.757857219526,0.07996767563296427,92.11982699671523,high
5368.652216389474,0.03743050535913186,43.120159855556146,medium
3621.8501437547593,0.055216144940250955,68.57645223810493,medium
4155.978811152138,0.014546783273124477,10.038807047059102,low
5842.121769832831,0.06356189721653563,68.35792303637695,medium
6285.470095840261,0.02998770653362729,30.164450754021345,low
3491.4178402815855,0.01742906013747244,15.04929047126364,low
6785.80442882972,0.014437998826307925,9.013778161248156,low
6263.67336704346,0.0796442622900631,85.51924769057678,high
3477.813811713806,0.02213836873533595,20.986992560406264,low
7391.863292343766,0.02764893703538987,25.973797192618036,low
7119.976281956514,0.07621009787307903,81.71861835290888,high
8325.789240937627,0.03910704770405902,40.64946953228249,low
9431.035606713122,0.018063518331406174,12.622022894802361,low
5112.308926348933,0.03886645265674026,42.725523711969686,medium
6954.078617808029,0.012178614730174215,5.846536725926743,low
7121.657458408776,0.09911432640441986,112.71413279148344,high
5816.575789256886,0.023123662767124985,22.4942452430389,low
3997.6391020431684,0.04364387112885125,53.67626826003436,medium
8183.003369447966,0.08674877306612803,93.3475386646051,high
9617.056862693416,0.09340567255981964,101.75970088204629,high
9015.642637337263,0.08381205607869967,94.09083246725555,high
3334.584942373524,0.05050554135745114,64.51786003778048,medium
2670.610863634015,0.028810858701178194,31.992425812250563,low
6424.494110998985,0.033279220308303874,34.55354140849836,low
6122.697477585189,0.07569312251588099,83.64360133262066,high
2637.9138441722835,0.06247044489937743,80.58524055857679,high
7476.462564997324,0.013913380674951306,8.31486449956612,low
8418.913708805667,0.06561682987522581,71.96858907568027,medium
2898.139364922092,0.06892820846338484,85.70127495443589,high
4534.827843102531,0.08668746502815328,92.8993546655916,high
7450.752799970236,0.08778540462039582,98.78410122056138,high
7370.5835856417125,0.030805175812403537,30.697149311239126,low
5355.259022221359,0.09789507459008688,102.56023350563459,high
9000.795591460897,0.057840458064689196,62.47066620420515,medium
3898.1304056313925,0.055058574058199104,62.59619755040488,medium
2661.1634366075914,0.032265292577477615,38.66450420702731,low
6470.615228913399,0.040021267116769815,43.18529698500042,medium
5100.849271806591,0.041672177404046294,48.42830925704413,medium
7189.232276882578,0.03125842891364915,32.34376449951602,low
8589.196450748092,0.06632131273441869,70.741131416466,medium
9090.079556433702,0.09013618774708854,97.22588839948351,high
6662.045136976041,0.03521744601653846,36.82810279563916,low
3637.811355765135,0.09074577834722544,100.03210490431172,high
5366.553413908063,0.09645451241001145,98.14384750177186,high
7093.362950125791,0.0662972140445344,72.2855849459126,medium
3645.618656266387,0.09734834557856954,109.16458560282841,high
9323.015451731284,0.03963562645334919,38.787515562691894,low
3539.3239509890245,0.058721844416591354,71.03395200935722,medium
8500.787943730702,0.08763288954220613,92.18835248520476,high
6428.541126264037,0.022172724445952374,20.54082747042013,low
9967.643501740065,0.09781992181617394,111.12754825362256,high
9378.34090505063,0.03857465897577453,40.2905002567793,low
6680.052235701766,0.09537414077482854,101.76565292806438,high
9097.28591212199,0.07543715799341724,82.21010038202441,high
8240.762594268886,0.08921187100977185,92.72897588204908,high
5822.53365287239,0.09403916719520737,99.17960055646225,high
9205.97569850352,0.09399250273742203,100.52641086927245,high
3300.785746325508,0.02662718469171106,30.074915954313212,low
8218.356127997242,0.06507834379021217,69.74605173002786,medium
4231.835115497597,0.030896428084240216,35.14357761809073,low
7655.3341388377075,0.042333520108109625,44.66413451728266,medium
6267.434405878459,0.06442405836424764,68.64978542403301,medium
7840.14345982495,0.04365634610174509,47.681381375311084,medium
3531.34541756211,0.02739338465306592,28.680237343256874,low
2741.7216492028433,0.07880849687154112,95.7062048171051,high
5597.830166437898,0.07681299954966096,82.4633344074552,high
9911.825630972175,0.07819989307530663,89.15979039388532,high
9892.20729689776,0.08804161023747431,97.85728160598578,high
6174.571738831477,0.039240606412364105,42.17164398360386,low
5536.500761818963,0.013764364754510636,8.583840854756932,low
8014.988349247455,0.04423367518796088,46.446621412036166,medium
8068.508910309585,0.06344252212535102,71.05928184425044,medium
6439.228987771672,0.08882046746738352,94.23592639451465,high
5887.071944227466,0.0844309091493415,85.94462077060254,high
2818.1193700682334,0.09962527343716433,110.11353399402066,high
8013.775611627006,0.06019308548320686,64.91909292930363,medium
6370.950123210989,0.06675836977834484,74.69918554401792,medium
5485.299185909194,0.03740987330400147,41.76096249813548,low
8707.15755704313,0.05152124475675668,53.07586302333345,medium
2909.1000011164483,0.056527268523952436,72.5209524422164,medium
3566.797140813187,0.08469041539839757,91.09534011911364,high
3348.7868968269627,0.08008580276884358,93.45454881745113,high
9533.818432744294,0.0726502727655816,79.18111777603822,high
5881.643911353058,0.026099072104925403,26.001000161656215,low
6927.366064672405,0.07413709521756724,80.49289892216626,high
4375.617205579287,0.07225456854978113,83.38278066015269,high
9303.71847254055,0.08168376002281504,87.44738291948495,high
3356.237041180583,0.05044585762222497,63.184455567165706,medium
5222.075418679409,0.057143557545953405,62.91048291677737,medium
6337.49838613379,0.09547785002284476,103.04405302674724,high
5340.089735594348,0.044254630833503214,51.573124828335935,medium
6741.186838856268,0.06935773065418395,70.25729193128815,medium
3625.6730088288386,0.08819366837303835,100.45941474747801,high
5646.862684268255,0.03785664748932836,43.65753181735454,medium
8264.72816770707,0.050163241073416534,53.80868643226889,medium
3486.782738590643,0.02825665347515017,30.516497324879843,low
7169.202459905062,0.03277998776062353,31.384590325438197,low
6576.258697032252,0.010517549400914853,3.9844857744175184,low
9120.27190402896,0.03140905186175291,28.72311268178517,low
5576.135242835173,0.017146442563157456,12.9774113204562,low
7000.7657822169185,0.032024185429477006,31.15442285285661,low
6681.614862016665,0.08427272542333143,88.24656457001068,high
2866.890999572723,0.02334305513617213,23.904962204789108,low
8903.719654256409,0.07002968886515755,74.40403551074323,medium
8785.108268444546,0.0368597391977906,37.075167562451725,low
5627.176928915187,0.026042355258168053,25.406557529656517,low
7540.678714460537,0.06499807804437886,69.43842853279537,medium
8404.806846501895,0.025967734060931162,22.456296159859175,low
5915.033710151993,0.06210696631980671,69.92165073873657,medium
4744.708611973851,0.043171248292756675,50.39123147675465,medium
5342.045136928451,0.016090001003889583,11.430441813802553,low
4696.245350175546,0.022109121017024592,21.031731721437943,low
7709.645788711007,0.03469766884765601,33.9570592742398,low
7718.721230088787,0.06508483704355815,69.9775412690313,medium
3319.766758272447,0.07567556677864115,82.71139824518924,high
6127.472374070852,0.07197888504289107,72.88134261725779,medium
9504.187560911374,0.09876505981097003,105.99883322212442,high
4873.664188738541,0.057285210279843526,68.91398577899231,medium
9962.682516681634,0.04184680099367711,42.51480093172916,medium
6397.793501383703,0.06686718467471525,75.10439404800321,medium
6193.783402888869,0.026191650849057217,24.378322699429763,low
9844.432446745528,0.010142282550324809,2.7914323425341014,low
2679.90098138632,0.0662914668150688,84.9119641294114,high
8496.732634416298,0.09990883065251177,111.01438608498276,high
5605.308546432789,0.04004130312404412,43.16598438581803,medium
2584.7295098352233,0.028106842503708124,31.142970725192257,low
4612.20027437904,0.08111759525615905,86.47272803472734,high
4929.428795373025,0.010551813619176354,4.3727242274116636,low
7643.768414852185,0.040722542670700246,42.87621248714376,medium
2718.3803635859545,0.0258066179414198,26.799870065357883,low
4978.861240697575,0.04041431697461888,44.86223045511219,medium
8479.407878716936,0.06810869985981174,68.7411704954691,medium
6111.216423402706,0.06644804389369201,74.96528919885147,medium
5013.322409007888,0.0805590129887685,83.42616391166979,high
5604.647990006393,0.07683261815489832,83.3574118033394,high
7937.231157619373,0.03839525572930238,38.894069488114525,low
6519.141067865403,0.028743622317655287,27.893387059989283,low
9160.221021386766,0.04182359863787274,40.40059977069273,low
9772.099693266948,0.03524140257884952,36.46059399847938,low
7198.83135711438,0.08581651974422673,92.62380837218137,high
6782.362308671088,0.04506096465039329,47.64386768234748,medium
8136.5515650221005,0.07347395656409675,76.15498609285821,medium
4858.745487956703,0.01284653942610895,7.191434453259432,low
4282.316847047781,0.05067156966515759,63.23310696581673,medium
9630.450623256827,0.029452589133821705,26.56019556718139,low
8387.079874280564,0.08000113523147148,86.83749341914866,high
9350.153846252939,0.04993966836884262,54.05641453368603,medium
6250.4073132245485,0.027119051073569288,26.661039206848535,low
9427.275759175714,0.07591969600803493,77.11965671797427,high
3574.7128596239572,0.08846190868945897,98.18114703577815,high
8666.038884722075,0.0944221462045103,100.45985976408521,high
7934.279741899252,0.051343156955264056,55.34747958641418,medium
7852.580428019736,0.05701103858966559,66.39184198532199,medium
7652.892480499521,0.06348588227084845,68.97442196467898,medium
3153.0691869532548,0.05201883122344859,68.45524462047976,medium
7442.38215008125,0.03812327200191634,40.43585560521891,low
6831.698758070943,0.038092860858861925,41.571431504968295,low
3944.0922971759387,0.03489845848012583,39.4359292165325,low
4893.623428761238,0.04970040604771051,60.37663668687388,medium
4552.2766438011295,0.011373104574135123,5.452142726806458,low
7172.087220081637,0.05626545957635177,62.669009486668386,medium
4888.636838889797,0.022740114591233453,22.00356383905643,low
7782.6527210326585,0.035494092640783376,36.19570892010923,low
7099.471626369828,0.04048650032767608,44.081765447389586,medium
5827.357287559258,0.0217066601858239,18.540373333041643,low
3294.4518914595046,0.01484198881500037,10.910049664075899,low
5698.493089075205,0.02610846939251559,24.714669386944426,low
8771.30802851868,0.07294289499614584,76.32686477452603,medium
7122.365032636987,0.03811965860359288,41.19804140099201,low
7531.526990754519,0.05801364360056151,60.737260932610916,medium
9802.614166743158,0.07801686420141567,82.36705967692912,high
8596.382632982944,0.0927720137899663,99.67694686920598,high
6012.069290350917,0.051002575367206725,57.85442351349433,medium
5990.474231757924,0.03085247922890145,30.46687598636647,low
4178.458404376452,0.08749866493503063,90.48168160328936,high
5440.576887690633,0.07296531589741855,75.43617159054621,medium
7488.85463906422,0.08099008357130917,88.55851645003841,high
2726.980991588823,0.05278009258329746,66.46385807551866,medium
5135.806155129452,0.05151175153344098,62.332092814334665,medium
7033.301735744528,0.021465460179116352,19.206261897137217,low
3271.9915773171547,0.08357976030025317,96.5142363542439,high
7370.88559591718,0.08131878455870324,84.53315388826402,high
6495.591744462485,0.04607348273059902,50.07433612151692,medium
6609.617629592509,0.09765025580982654,104.10077967748074,high
5378.623440827798,0.04066427423612351,46.84049261258837,medium
8382.354824628972,0.04918183372206246,51.00887520218668,medium
8404.95077942689,0.05900741921716917,63.72640960003924,medium
3084.2080194149376,0.09377769331687535,111.10525894143535,high
6806.412181076492,0.05379672758496596,58.6372012597715,medium
6663.15775910321,0.08398207470826403,87.42532397238303,high
3821.305016504734,0.09602951017410631,106.02357805165488,high
8605.500399865512,0.0794209040983611,85.59449677382167,high
5341.832600202872,0.05448656326568887,62.628730999285416,medium
8627.751924409535,0.0898535382916712,95.18355070810551,high
9274.420035350426,0.06725195380215007,72.87215687304568,medium
3619.123238305063,0.05781302389677833,70.3406564144631,medium
5424.8699517309005,0.062013827340635506,70.52291070799653,medium
4874.482879400364,0.061324876706981654,72.6611413196203,medium
9349.031989251762,0.03740951197344918,37.88429481494768,low
9869.35227635044,0.04098381637875761,40.046099817308075,low
3169.6555344049057,0.01073073271687453,4.8353752987213054,low
3456.6677279307605,0.03647661965800039,43.09722090294177,medium
5269.171701804307,0.05939966229432045,70.35456576941924,medium
8655.649627299768,0.04233201675022281,44.514539343580125,medium
8959.358797345827,0.087911167314698,94.81171313299296,high
5457.01242751708,0.03863145786568246,45.189534006945166,medium
5370.922111311889,0.04434085405742454,49.08395698328971,medium
6061.535597168031,0.026940415426998897,26.097738276073184,low
5384.46293268321,0.09320338385124437,97.32126890383286,high
9980.920322578531,0.07030594737305808,73.66808670618823,medium
3507.0808610843164,0.016457139688395198,13.788726736217987,low
6150.260027009623,0.04930616041829998,57.14850498345915,medium
9926.632315056906,0.01761970998607445,11.82321667536249,low
5920.214907838914,0.08100355820793767,83.9540217873627,high
7033.221345225964,0.04831337538430366,54.90027119563002,medium
6640.375227857647,0.05050411905813459,59.32425404747672,medium
5164.804229088551,0.02672119303218623,25.987745750830076,low
8851.029150052744,0.03130749705502167,28.996275228769736,low
6262.966036940949,0.046975403229823715,52.048214444605854,medium
9836.75087082377,0.06113346199314395,63.76971000815259,medium
7786.61906916156,0.020184793265344125,15.540893312994553,low
3565.656099292569,0.07581638647151533,87.69310714379591,high
9876.843235977962,0.09853015398645698,107.92041142904971,high
3086.7595145491946,0.09009239304740992,99.4713174472695,high
3163.347630495092,0.05252064151137811,66.33752347263918,medium
3085.6143879186743,0.06703188977038674,74.58599551575278,medium
8485.736804807286,0.038124974930089116,39.740033475327564,low
8338.953499353494,0.05219819293069191,56.90003516723841,medium
6344.973327930369,0.05223091529054103,59.36634908083348,medium
9704.359768578439,0.0818400899806292,85.27189300651749,high
4669.063324155742,0.013179361615736808,8.289302876143296,low
7952.287855652434,0.06073356459617528,64.23994430763017,medium
2960.6332236509793,0.052584447875862556,67.50201570901791,medium
9927.736220420516,0.08280062017116105,89.95958955991148,high
7182.377541100499,0.03581340889355851,38.43697827787176,low
8885.839420394757,0.03500639172408422,34.92745895566748,low
3494.040721047544,0.03528747383333399,41.499917066550736,low
3336.620532189768,0.0257152462893116,27.08136582630662,low
6938.275941031085,0.023602205211848075,20.186352528631602,low
4459.39440927623,0.07306973853154204,82.68136441812374,high
6136.888853133238,0.08194348057705907,88.50216609758219,high
3133.0109928182674,0.023056322661034523,22.864349123923887,low
9504.56391023791,0.023873526866624348,18.03201101423815,low
8277.758418573085,0.03141526951983613,30.475669334269664,low
5801.387562937984,0.06738171998452763,74.76711784233069,medium
5088.067895974542,0.06780349875834282,78.21003073139894,high
8166.129485864062,0.020439492797308324,16.659784047454426,low
4760.2534746527435,0.07715354908513024,85.74736244524367,high
8143.208897996279,0.05792687491349517,60.516099877060185,medium
6059.4218557304785,0.023063484786002272,21.80005904500782,low
9027.083018872941,0.011067673608595868,4.439997644683777,low
7588.700539377813,0.09655864505263274,100.63255166315166,high
7621.572331853439,0.0136915853527396,8.182489608578685,low
9671.377419172186,0.0488607290755488,49.343550514513204,medium
9385.315123129594,0.08725201058784987,92.83861750236858,high
3237.075913064773,0.06889089534115728,83.64169834171776,high
5433.653227674323,0.07958359137755781,84.6547262695185,high
6915.432183286023,0.027543311616746398,25.257783339994255,low
5030.549523106859,0.07212504960141582,79.59894504775852,high
7546.0139480499265,0.08485205498423931,93.42152048486454,high
2589.710582676274,0.018792888352824628,17.64871021004354,low
4145.622442956119,0.03549673171841092,41.471136035025275,low
3948.0964858480784,0.012133042557133362,6.990440771497099,low
7424.541389232518,0.08519132233794201,94.11372917297182,high
9628.66719436189,0.06742745966435307,71.36180466109667,medium
8923.306182288703,0.021691652788491986,17.325590449561606,low
7422.9597168336295,0.0909907493614519,89.45302291030437,high
9220.012227679326,0.07260882702904693,75.17563266833223,medium
4400.0180416499425,0.05202600195588921,65.49157901613398,medium
9420.215431335235,0.03487452059419693,33.00415159746493,low
5702.375491646388,0.09130523435832655,95.39567945652354,high
3714.7452373466244,0.016659735403626204,13.014164186236926,low
8328.294627129326,0.04445191021988645,46.76489705659938,medium
9667.042744129943,0.033819836720925964,32.293999944946556,low
5804.311245832507,0.054254960776477894,64.51339253140436,medium
3838.316275485782,0.05428515650152223,65.2991716269978,medium
3579.0445026363514,0.07918365909764782,91.06993833132813,high
9344.569171308449,0.0743860285975759,82.94219415534135,high
3274.653369646197,0.01656275530410639,13.15145939880364,low
5844.115392422198,0.09068611536020878,93.72584440461853,high
3616.407065812423,0.06763017423509127,82.65535833651646,high
4498.273608364582,0.0730049679404853,79.54867300753227,high
9284.63157590462,0.06171762265513344,60.86063960759264,medium
6180.0959042165105,0.0492451900717031,56.35676077525175,medium
8830.368652628777,0.08028433332670337,86.75876022477269,high
2524.805202209793,0.0958739811333531,107.33610595957573,high
8634.82494539562,0.05338597074827797,53.542070980435824,medium
5191.887449479087,0.0713652162049303,75.40949103535532,medium
5504.610988601744,0.0669045273939626,74.58210973436022,medium
6509.69722420026,0.09648329698000588,100.33636568470058,high
3103.42588505791,0.05136754183799608,65.94469956139442,medium
3824.637283821151,0.0135398064335895,8.32576816237381,low
5381.2275637351395,0.02719028448237725,26.72839796559855,low
7229.627930867071,0.04233350093502789,43.08585317363516,medium
3136.468635045783,0.06695121421976788,80.35657251234052,high
3948.1953918206277,0.07477651312704771,83.35410966773021,high
6947.09071359514,0.05403092954299657,62.42837250920631,medium
4807.981597241991,0.05805460420881097,68.07454406688458,medium
8756.877192022916,0.05043765497946495,54.28313843808844,medium
2920.4083981580243,0.0809000678724876,94.74612270091929,high
2821.1090009011987,0.020636839785062033,20.20967064822603,low
5937.777735670457,0.07102700411020221,73.86928451937302,medium
9056.91544729628,0.023405826663185914,18.468460696188846,low
2776.5825056727817,0.02274314250052365,22.415495184117567,low
7403.7364508433075,0.05240976722274794,58.53738734504068,medium
7759.726083769635,0.021748396018839388,18.248558771482397,low
3791.867567188746,0.01449621976479598,9.936093640404655,low
5921.384446950213,0.025362044909460053,25.581989302941547,low
6932.8186696744115,0.08360201599875343,91.26676306453304,high
8493.814167508586,0.02985152718186311,28.819512024283732,low
8533.401481954817,0.04835903175444066,53.32491461575068,medium
7587.983779721443,0.03918114469105169,37.97158039015409,low
9818.89952071505,0.06183703094072366,67.53918938189163,medium
8448.262524599126,0.0787805094130545,88.03009556489624,high
6948.139397806356,0.04019533549018182,43.91401067758136,medium
5613.657431754331,0.07266662071118847,79.53525187666538,high
6650.557974260642,0.04947950908488046,56.70536320436547,medium
3249.758880085439,0.08626300392223533,98.04084050008463,high
7093.3112898542195,0.07998954738823943,88.31678572620115,high
2547.621839152127,0.026147157053294227,28.741500970486,low
3168.559300158615,0.06865802126702478,83.93145300185056,high
8555.588524355033,0.07953064376742484,83.4548984884815,high
7692.687481281855,0.02855441967306962,26.605411260352692,low
5590.234933751844,0.09442806494019482,94.96751713514708,high
7079.03491472864,0.013385909078005527,7.739378440087086,low
9627.235480846159,0.06644724886405114,72.78774591624642,medium
8369.372727416443,0.04130682101615316,43.880339592475245,medium
3381.3086703384397,0.05771791188352729,70.98232376536836,medium
3217.6289121948707,0.04257111741338518,52.95852542061625,medium
4144.571002435833,0.07932981547997729,84.74814925522827,high
7444.953687942141,0.034878392553152227,36.41864785049195,low
7639.328158113081,0.09717164540315862,107.95327873612837,high
6058.0962988090605,0.025869143563347775,24.854293715050606,low
7336.456274475515,0.03565580680119304,36.611785036987264,low
5760.037317017937,0.04008651663000688,45.5791667380665,medium
2824.8811199006304,0.07663751963318208,86.69119030296329,high
9436.460092888809,0.025829884739399733,22.561359419180594,low
3370.488140966342,0.09055712574107189,98.46675900421761,high
7910.523104191993,0.06334359960391045,67.85782046510367,medium
7576.394094063309,0.039311646302831856,42.142764797580135,low
8342.314592197512,0.03935190022364546,42.09779521573646,low
9024.147272107517,0.0437979149089967,46.43848743030724,medium
4154.970687266236,0.052389123385088915,59.9349718743978,medium
3587.0595397147436,0.09350984047985837,104.20499875271089,high
5912.431544329641,0.04485972734997911,52.77227135019922,medium
7240.158376763957,0.097800030218605,106.60838763128228,high
4016.581680768617,0.021449058822456842,20.17604909102412,low
3523.761245111521,0.08664862298889522,96.53723396301096,high
5939.341937278798,0.025408118504513515,23.569379334588167,low
7027.269871353439,0.08105922685199146,90.89200911217203,high
7284.994104100026,0.06503752813862286,73.39991785303468,medium
8912.530163100117,0.017782689907049034,13.569222104159527,low
8927.303227881088,0.054029205870612815,59.772022642532285,medium
8777.417696794284,0.03512537905056288,34.55449073378106,low
7975.133159837334,0.07625609732071953,81.75917936584383,high
6846.002725273739,0.09026403653229155,97.68963899806002,high
6938.287240243648,0.02340727316020373,20.964558647678345,low
9851.380309698592,0.013605281183232475,7.1944807549043865,low
6029.894728221538,0.07917457517519198,87.46350637171274,high
6094.520044124676,0.08182157630248975,87.50273949379995,high
8659.68490567054,0.05071972313952188,54.4296733687678,medium
2593.1724361978377,0.07586076555099805,94.68936110201717,high
9624.50421702153,0.021944080160979266,17.271012509010735,low
3180.471287067802,0.05318046562532488,69.9800465834551,medium
4786.27451668323,0.07329740391176533,82.65953723429074,high
2683.1010529634045,0.050935671789485645,63.700161406396,medium
8288.762558547252,0.08867791342200443,90.5717527072111,high
5278.15345452042,0.051786620865398536,62.654793048805594,medium
7250.517271535302,0.08743443858964332,98.03266190697047,high
4996.796037866939,0.01294427578667624,7.723161046506968,low
5694.266897787602,0.03428104425091257,38.171322680746286,low
8458.590649467693,0.0808922659726431,85.5303183013299,high
3107.1928117678617,0.08927625231603176,101.89077938376785,high
9589.916723408034,0.07071876699297985,74.63679980574544,medium
9159.834294667238,0.019986988935365893,14.900137246169269,low
5241.783579798396,0.025774066286798854,26.230305385740067,low
6690.92843522543,0.016030532274158585,11.215427485571414,low
9859.387166887318,0.031476943482213054,28.376834340935392,low
3351.6825911982946,0.05306441185149704,69.07748335641728,medium
9693.277983153814,0.028881457804036247,25.549371736188423,low
8087.625359793336,0.030289350366903417,28.721749083513597,low
7601.700541913274,0.03494308005944937,36.341024630540524,low
2975.2688504465173,0.04107039236066459,49.14038963759781,medium
3420.320756928837,0.07388427598678621,86.27445898484243,high
7587.31218941765,0.05795699187331355,62.66121833701225,medium
8499.279003961372,0.09508287900976894,105.79374740288198,high
8565.969074782977,0.09467882983000375,107.21585090396796,high
5934.055899492023,0.017215336301635385,13.502163263632093,low
9234.59394902802,0.03595354189159785,35.59837128088346,low
4569.570521564665,0.07273738997664946,80.19949043100928,high
6222.4655123705825,0.08874938255833875,89.32612277325272,high
4698.77081456799,0.09726171449882019,100.49685328672442,high
6560.762185513309,0.021882463191832915,18.853767908590456,low
7335.133311607817,0.036236511744673995,38.67151946408727,low
2972.1213144456938,0.08846143306925162,102.67675300093316,high
7335.040234171452,0.047052255660916975,55.67347108434683,medium
5070.943589644162,0.06814461038123215,73.57780907070418,medium
7726.4768553990625,0.08577170833470064,94.62063347016672,high
5839.4222776223205,0.03736741044411547,42.425486419801416,medium
3788.02844076982,0.033400671187120486,39.60786974038891,low
6131.8233444487105,0.0973651643539456,101.11703272105709,high
5148.406715190897,0.05103338834687506,59.85687274522798,medium
3747.72304400598,0.09317184764497793,101.82833858952922,high
9799.045669400655,0.08553985091842714,90.08204129902293,high
7696.444517264766,0.06997203693912293,76.3200942911458,medium
2808.63592366351,0.038496325401270876,48.22200559952748,medium
3448.551340450829,0.033436647752452586,39.25850256511548,low
2760.168164906275,0.038524938807055584,49.16832209331849,medium
5078.852613341671,0.04356234424083396,49.721720710619714,medium
4761.698271417432,0.09283905783476881,96.50458419868269,high
5534.217484168834,0.05494752242540297,64.48019129834069,medium
4901.6344820737795,0.010386487523567037,4.094855891886013,low
8038.712360680787,0.09780409325411031,101.5806688414728,high
6054.330052583149,0.036084446439627556,40.538906208238195,low
9580.071442993078,0.09826208009917972,104.94190992911724,high
6739.2363620108235,0.09161927091334976,95.61482219126823,high
5815.791506619254,0.07202322833320801,77.43532415647675,high
3545.6747009237297,0.059586399126938354,67.58323194136462,medium
4810.61650578653,0.046146692973203805,55.735106949309625,medium
3193.6084847729544,0.014953027253848374,10.72380365845449,low
7309.84489592629,0.06250882973804359,69.01262274096742,medium
4584.4537687887805,0.012029378172181983,6.773064823834998,low
6538.0922062015925,0.05009122737449188,56.9011673703474,medium
6338.406413481958,0.02750050354109617,26.661400769297252,low
4883.183591245033,0.06445700396627208,76.75019033995515,medium
5207.986518604196,0.023315134454047225,21.511281443707997,low
8903.530524725493,0.043266697039828717,43.90250590120274,medium
5135.162750710845,0.0979771265395123,101.96988167843082,high
9057.263018248585,0.017883876781259203,12.693204221037766,low
9944.478743650565,0.08233169540632809,85.80851924533552,high
4664.75513747653,0.08251055065929934,91.29104769974262,high
9223.216199177901,0.02256109181937603,18.38123910275866,low
6903.850506875797,0.01774701768850934,13.609358039306459,low
9006.443649081571,0.09879745125910272,109.84621753068949,high
2995.8683587509945,0.09640857683987246,109.46908128112156,high
5570.954790644682,0.09229694466739594,94.59083882321933,high
5608.855104533564,0.06002324604683218,66.70699941753188,medium
3526.9527993681404,0.026740577629994863,27.14155689023889,low
5363.271494738561,0.05984802338594724,71.32380332141248,medium
8759.389012225434,0.0373522941356081,37.970458502220254,low
6694.607925034465,0.05171066507851199,58.63625150795285,medium
4470.0776767080315,0.09604239365197695,101.25531317925275,high
8756.8230351374,0.052528705233156114,54.074643171535136,medium
